-- Generated by Craft v1.0.2280 on Jul 31, 2013 2:41:59 AM.

--
-- Disable foreign key checks and autocommit and start a transaction.
--

SET FOREIGN_KEY_CHECKS = 0;
SET SQL_MODE = "NO_AUTO_VALUE_ON_ZERO";
SET AUTOCOMMIT = 0;
SET NAMES utf8;
START TRANSACTION;

/*!40101 SET @OLD_CHARACTER_SET_CLIENT=@@CHARACTER_SET_CLIENT */;
/*!40101 SET @OLD_CHARACTER_SET_RESULTS=@@CHARACTER_SET_RESULTS */;
/*!40101 SET @OLD_COLLATION_CONNECTION=@@COLLATION_CONNECTION */;
/*!40101 SET NAMES utf8 */;

--
-- Schema for table `craft_assetfiles`
--

DROP TABLE IF EXISTS `craft_assetfiles`;

CREATE TABLE `craft_assetfiles` (
  `id` int(11) NOT NULL,
  `sourceId` int(11) NOT NULL,
  `folderId` int(11) NOT NULL,
  `filename` varchar(255) COLLATE utf8_unicode_ci NOT NULL,
  `kind` char(10) COLLATE utf8_unicode_ci DEFAULT NULL,
  `width` smallint(6) unsigned DEFAULT NULL,
  `height` smallint(6) unsigned DEFAULT NULL,
  `size` int(11) unsigned DEFAULT NULL,
  `dateModified` datetime DEFAULT NULL,
  `dateCreated` datetime NOT NULL,
  `dateUpdated` datetime NOT NULL,
  `uid` char(36) COLLATE utf8_unicode_ci NOT NULL DEFAULT '0',
  PRIMARY KEY (`id`),
  UNIQUE KEY `craft_assetfiles_filename_folderId_unq_idx` (`filename`,`folderId`),
  KEY `craft_assetfiles_sourceId_fk` (`sourceId`),
  KEY `craft_assetfiles_folderId_fk` (`folderId`)
) ENGINE=InnoDB DEFAULT CHARSET=utf8 COLLATE=utf8_unicode_ci;

--
-- Schema for table `craft_assetfolders`
--

DROP TABLE IF EXISTS `craft_assetfolders`;

CREATE TABLE `craft_assetfolders` (
  `id` int(11) NOT NULL AUTO_INCREMENT,
  `parentId` int(11) DEFAULT NULL,
  `sourceId` int(11) NOT NULL,
  `name` varchar(255) COLLATE utf8_unicode_ci NOT NULL,
  `fullPath` varchar(255) COLLATE utf8_unicode_ci DEFAULT NULL,
  `dateCreated` datetime NOT NULL,
  `dateUpdated` datetime NOT NULL,
  `uid` char(36) COLLATE utf8_unicode_ci NOT NULL DEFAULT '0',
  PRIMARY KEY (`id`),
  UNIQUE KEY `craft_assetfolders_name_parentId_sourceId_unq_idx` (`name`,`parentId`,`sourceId`),
  KEY `craft_assetfolders_parentId_fk` (`parentId`),
  KEY `craft_assetfolders_sourceId_fk` (`sourceId`)
) ENGINE=InnoDB DEFAULT CHARSET=utf8 COLLATE=utf8_unicode_ci;

--
-- Schema for table `craft_assetindexdata`
--

DROP TABLE IF EXISTS `craft_assetindexdata`;

CREATE TABLE `craft_assetindexdata` (
  `id` int(11) NOT NULL AUTO_INCREMENT,
  `sessionId` varchar(36) COLLATE utf8_unicode_ci NOT NULL DEFAULT '',
  `sourceId` int(10) NOT NULL,
  `offset` int(10) NOT NULL,
  `uri` varchar(255) COLLATE utf8_unicode_ci DEFAULT NULL,
  `size` int(10) DEFAULT NULL,
  `recordId` int(10) DEFAULT NULL,
  `dateCreated` datetime NOT NULL,
  `dateUpdated` datetime NOT NULL,
  `uid` char(36) COLLATE utf8_unicode_ci NOT NULL DEFAULT '0',
  PRIMARY KEY (`id`),
  UNIQUE KEY `craft_assetindexdata_sessionId_sourceId_offset_unq_idx` (`sessionId`,`sourceId`,`offset`),
  KEY `craft_assetindexdata_sourceId_fk` (`sourceId`)
) ENGINE=InnoDB DEFAULT CHARSET=utf8 COLLATE=utf8_unicode_ci;

--
-- Schema for table `craft_assetsources`
--

DROP TABLE IF EXISTS `craft_assetsources`;

CREATE TABLE `craft_assetsources` (
  `id` int(11) NOT NULL AUTO_INCREMENT,
  `name` varchar(100) COLLATE utf8_unicode_ci NOT NULL,
  `type` char(150) COLLATE utf8_unicode_ci NOT NULL,
  `settings` text COLLATE utf8_unicode_ci,
  `sortOrder` tinyint(4) DEFAULT NULL,
  `dateCreated` datetime NOT NULL,
  `dateUpdated` datetime NOT NULL,
  `uid` char(36) COLLATE utf8_unicode_ci NOT NULL DEFAULT '0',
  PRIMARY KEY (`id`),
  UNIQUE KEY `craft_assetsources_name_unq_idx` (`name`)
) ENGINE=InnoDB DEFAULT CHARSET=utf8 COLLATE=utf8_unicode_ci;

--
-- Schema for table `craft_assettransformindex`
--

DROP TABLE IF EXISTS `craft_assettransformindex`;

CREATE TABLE `craft_assettransformindex` (
  `id` int(11) NOT NULL AUTO_INCREMENT,
  `fileId` int(11) NOT NULL,
  `location` varchar(255) COLLATE utf8_unicode_ci NOT NULL,
  `sourceId` int(11) NOT NULL,
  `fileExists` tinyint(1) DEFAULT NULL,
  `inProgress` tinyint(1) DEFAULT NULL,
  `dateIndexed` datetime DEFAULT NULL,
  `dateCreated` datetime NOT NULL,
  `dateUpdated` datetime NOT NULL,
  `uid` char(36) COLLATE utf8_unicode_ci NOT NULL DEFAULT '0',
  PRIMARY KEY (`id`),
  KEY `craft_assettransformindex_sourceId_fileId_location_idx` (`sourceId`,`fileId`,`location`)
) ENGINE=InnoDB DEFAULT CHARSET=utf8 COLLATE=utf8_unicode_ci;

--
-- Schema for table `craft_assettransforms`
--

DROP TABLE IF EXISTS `craft_assettransforms`;

CREATE TABLE `craft_assettransforms` (
  `id` int(11) NOT NULL AUTO_INCREMENT,
  `name` varchar(255) COLLATE utf8_unicode_ci NOT NULL,
  `handle` char(255) COLLATE utf8_unicode_ci NOT NULL,
  `mode` enum('stretch','fit','crop') COLLATE utf8_unicode_ci NOT NULL DEFAULT 'crop',
  `position` enum('top-left','top-center','top-right','center-left','center-center','center-right','bottom-left','bottom-center','bottom-right') COLLATE utf8_unicode_ci NOT NULL DEFAULT 'center-center',
  `height` int(10) DEFAULT NULL,
  `width` int(10) DEFAULT NULL,
  `dimensionChangeTime` datetime DEFAULT NULL,
  `dateCreated` datetime NOT NULL,
  `dateUpdated` datetime NOT NULL,
  `uid` char(36) COLLATE utf8_unicode_ci NOT NULL DEFAULT '0',
  PRIMARY KEY (`id`),
  UNIQUE KEY `craft_assettransforms_name_unq_idx` (`name`),
  UNIQUE KEY `craft_assettransforms_handle_unq_idx` (`handle`)
) ENGINE=InnoDB DEFAULT CHARSET=utf8 COLLATE=utf8_unicode_ci;

--
-- Schema for table `craft_content`
--

DROP TABLE IF EXISTS `craft_content`;

CREATE TABLE `craft_content` (
  `id` int(11) NOT NULL AUTO_INCREMENT,
  `elementId` int(11) NOT NULL,
  `locale` char(12) COLLATE utf8_unicode_ci NOT NULL,
  `heading` varchar(255) COLLATE utf8_unicode_ci DEFAULT NULL,
  `body` text COLLATE utf8_unicode_ci,
  `team_bio` text COLLATE utf8_unicode_ci,
  `team_ranking` tinyint(3) unsigned DEFAULT NULL,
  `player_position` text COLLATE utf8_unicode_ci,
  `player_clubs` text COLLATE utf8_unicode_ci,
  `ranking` text COLLATE utf8_unicode_ci,
  `twitter` varchar(255) COLLATE utf8_unicode_ci DEFAULT NULL,
  `facebook` varchar(255) COLLATE utf8_unicode_ci DEFAULT NULL,
  `ranking_intro` text COLLATE utf8_unicode_ci,
  `purpose` text COLLATE utf8_unicode_ci,
  `email` varchar(255) COLLATE utf8_unicode_ci DEFAULT NULL,
  `writers` text COLLATE utf8_unicode_ci,
  `coach` text COLLATE utf8_unicode_ci,
  `dateCreated` datetime NOT NULL,
  `dateUpdated` datetime NOT NULL,
  `uid` char(36) COLLATE utf8_unicode_ci NOT NULL DEFAULT '0',
  PRIMARY KEY (`id`),
  UNIQUE KEY `craft_content_elementId_locale_unq_idx` (`elementId`,`locale`),
  KEY `craft_content_locale_fk` (`locale`)
) ENGINE=InnoDB AUTO_INCREMENT=9 DEFAULT CHARSET=utf8 COLLATE=utf8_unicode_ci;

--
-- Data for table `craft_content`
--

BEGIN;
INSERT INTO `craft_content` (`id`, `elementId`, `locale`, `heading`, `body`, `team_bio`, `team_ranking`, `player_position`, `player_clubs`, `ranking`, `twitter`, `facebook`, `ranking_intro`, `purpose`, `email`, `writers`, `coach`, `dateCreated`, `dateUpdated`, `uid`) VALUES
 ('1', '2', 'en_us', 'Welcome to Kickrepublic.com!', '<p>\r\n	  It’s true, this site doesn’t have a whole lot of content yet, but don’t worry. Our web developers have just installed the CMS, and they’re setting things up for the content editors this very moment. Soon Kickrepublic.com will be an oasis of fresh perspectives, sharp analyses, and astute opinions that will keep you coming back again and again.\r\n</p>', NULL, NULL, NULL, NULL, NULL, 'KickRepublic', '', NULL, NULL, 'info@kickrepublic.com', NULL, NULL, '2013-07-16 01:38:29', '2013-07-18 02:14:14', 'f2c221e1-1646-4723-87a1-6af5539a1238'),
 ('2', '3', 'en_us', NULL, '<p>Craft is the CMS that’s powering Kickrepublic.com. It’s beautiful, powerful, flexible, and easy-to-use, and it’s made by Pixel &amp; Tonic. We can’t wait to dive in and see what it’s capable of!</p><!--pagebreak--><p>This is even more captivating content, which you couldn’t see on the News index page because it was entered after a Page Break, and the News index template only likes to show the content on the first page.</p><p>Craft: a nice alternative to Word, if you’re making a website.</p>', NULL, NULL, NULL, NULL, NULL, NULL, NULL, NULL, NULL, NULL, NULL, NULL, '2013-07-16 01:38:29', '2013-07-16 01:38:29', '0e106c28-5c2c-477c-a190-e9465975f9d3'),
 ('3', '4', 'en_us', NULL, '<p>\r\n	 And handsome.\r\n</p>', NULL, NULL, NULL, NULL, NULL, NULL, NULL, NULL, NULL, NULL, NULL, NULL, '2013-07-16 01:47:04', '2013-07-17 14:12:25', 'ec13641d-dfaa-48ad-b245-eaffda699948'),
 ('4', '7', 'en_us', NULL, '<p>\r\n	 Lorem ipsum dolor sit amet, consectetur adipisicing elit, sed do eiusmod tempor incididunt ut labore et dolore magna aliqua. Ut enim ad minim veniam, quis nostrud exercitation ullamco laboris nisi ut aliquip ex ea commodo consequat. Duis aute irure dolor in reprehenderit in voluptate velit esse cillum dolore eu fugiat nulla pariatur. Excepteur sint occaecat cupidatat non proident, sunt in culpa qui officia deserunt mollit anim id est laborum.\r\n</p>', NULL, NULL, '[\"Forward\"]', '[{\"col1\":\"LA Galaxy\"}]', NULL, NULL, NULL, NULL, NULL, NULL, NULL, NULL, '2013-07-17 14:12:05', '2013-07-18 02:36:47', '8dbdd50b-d5dd-4013-9d8a-6e06550863e2'),
 ('5', '8', 'en_us', NULL, NULL, NULL, NULL, NULL, NULL, '[{\"col1\":\"Spain\",\"col2\":\"Despite a 3-0 drubbing against Brazil in the 2013 Confederations Cup final, Spain is still the world\'s top team after  winning consecutive European Championships (Euro 2008 and Euro 2012) and a World Cup crown sandwiched between them. By the time the soccer world heads to Brazil next summer El Rojo will be among the top teams to beat.\"},{\"col1\":\"Germany \",\"col2\":\"\"},{\"col1\":\"Brazil\",\"col2\":\"\"},{\"col1\":\"Colombia\",\"col2\":\"\"},{\"col1\":\"Agrentina\",\"col2\":\"\"},{\"col1\":\"Netherlands\",\"col2\":\"\"},{\"col1\":\"Italy\",\"col2\":\"\"},{\"col1\":\"Portugal\",\"col2\":\"\"},{\"col1\":\"Portugal\",\"col2\":\"\"},{\"col1\":\"Belgium\",\"col2\":\"\"},{\"col1\":\"Greece\",\"col2\":\"\"},{\"col1\":\"Uruguay\",\"col2\":\"\"},{\"col1\":\"C\\u00f4te d\'Ivoire\",\"col2\":\"\"},{\"col1\":\"Bosnia-Herzegovina\",\"col2\":\"\"},{\"col1\":\" England\",\"col2\":\"\"},{\"col1\":\" Switzerland\",\"col2\":\"\"},{\"col1\":\"United States\",\"col2\":\"The U.S. has had a sparkling summer 2013 and hopes to keep the momentum rolling. With victories over Germany, Mexico and blank, the team when WC qualifying continues against BLANK in September rode a record  win streak with seven in a row.\"},{\"col1\":\"Russia\",\"col2\":\"\"},{\"col1\":\"Ecuador\",\"col2\":\"\"},{\"col1\":\"Peru\",\"col2\":\"\"},{\"col1\":\"Mexico\",\"col2\":\"\"},{\"col1\":\"Chile\",\"col2\":\"\"},{\"col1\":\"France\",\"col2\":\"\"},{\"col1\":\"Ghana\",\"col2\":\"\"},{\"col1\":\"Norway\",\"col2\":\"\"}]', NULL, NULL, '<p>\r\n	Lorem ipsum dolor sit amet, consectetur adipisicing elit, sed do eiusmod tempor incididunt ut labore et dolore magna aliqua. Ut enim ad minim veniam, quis nostrud exercitation ullamco laboris nisi ut aliquip ex ea commodo consequat. Duis aute irure dolor in reprehenderit in voluptate velit esse cillum dolore eu fugiat nulla pariatur. Excepteur sint occaecat cupidatat non proident, sunt in culpa qui officia deserunt mollit anim id est laborum.\r\n</p>', NULL, NULL, NULL, NULL, '2013-07-17 14:17:04', '2013-07-21 19:38:42', '3479649f-acd5-402d-be35-b6932dcbdba9'),
 ('6', '5', 'en_us', NULL, NULL, '<p>\r\n	Lorem ipsum dolor sit amet, consectetur adipisicing elit, sed do eiusmod tempor incididunt ut labore et dolore magna aliqua. Ut enim ad minim veniam, quis nostrud exercitation ullamco laboris nisi ut aliquip ex ea commodo consequat. Duis aute irure dolor in reprehenderit in voluptate velit esse cillum dolore eu fugiat nulla pariatur. Excepteur sint occaecat cupidatat non proident, sunt in culpa qui officia deserunt mollit anim id est laborum.\r\n</p>', '8', NULL, NULL, NULL, NULL, NULL, NULL, NULL, NULL, NULL, NULL, '2013-07-18 02:04:58', '2013-07-18 02:42:48', '8e95b17b-6d6f-4bb7-bb74-9ec8c05276f8'),
 ('7', '10', 'en_us', NULL, '<p>\r\n	Lorem ipsum dolor sit amet, consectetur adipisicing elit, sed do eiusmod tempor incididunt ut labore et dolore magna aliqua. Ut enim ad minim veniam, quis nostrud exercitation ullamco laboris nisi ut aliquip ex ea commodo consequat. Duis aute irure dolor in reprehenderit in voluptate velit esse cillum dolore eu fugiat nulla pariatur. Excepteur sint occaecat cupidatat non proident, sunt in culpa qui officia deserunt mollit anim id est laborum.\r\n</p>', NULL, NULL, '[\"Midfield\"]', '[{\"col1\":\"Bolton Wanderers\"}]', NULL, NULL, NULL, NULL, NULL, NULL, NULL, NULL, '2013-07-19 01:09:24', '2013-07-19 01:09:24', 'ccf5cc4d-590a-403b-ab7d-554e67ae96c9'),
 ('8', '9', 'en_us', NULL, NULL, NULL, NULL, NULL, NULL, NULL, NULL, NULL, NULL, '<p>\r\n	 Lorem ipsum dolor sit amet, consectetur adipisicing elit, sed do eiusmod tempor incididunt ut labore et dolore magna aliqua. Ut enim ad minim veniam, quis nostrud exercitation ullamco laboris nisi ut aliquip ex ea commodo consequat. Duis aute irure dolor in reprehenderit in voluptate velit esse cillum dolore eu fugiat nulla pariatur. Excepteur sint occaecat cupidatat non proident, sunt in culpa qui officia deserunt mollit anim id est laborum.\r\n</p>', NULL, '[{\"col1\":\"Tim Gray\",\"col2\":\"Lorem ipsum dolor sit amet, consectetur adipisicing elit, sed do eiusmod tempor incididunt ut labore et dolore magna aliqua. Ut enim ad minim veniam, quis nostrud exercitation ullamco laboris nisi ut aliquip ex ea commodo consequat.\"}]', NULL, '2013-07-19 02:09:06', '2013-07-21 19:36:17', '1de53a20-ac51-4f55-9e4f-7f2dacc9bbc0');
COMMIT;


--
-- Schema for table `craft_elements`
--

DROP TABLE IF EXISTS `craft_elements`;

CREATE TABLE `craft_elements` (
  `id` int(11) NOT NULL AUTO_INCREMENT,
  `type` char(150) COLLATE utf8_unicode_ci NOT NULL,
  `enabled` tinyint(1) unsigned NOT NULL DEFAULT '1',
  `archived` tinyint(1) unsigned NOT NULL DEFAULT '0',
  `dateCreated` datetime NOT NULL,
  `dateUpdated` datetime NOT NULL,
  `uid` char(36) COLLATE utf8_unicode_ci NOT NULL DEFAULT '0',
  PRIMARY KEY (`id`),
  KEY `craft_elements_type_idx` (`type`),
  KEY `craft_elements_enabled_idx` (`enabled`),
  KEY `craft_elements_archived_idx` (`archived`)
) ENGINE=InnoDB AUTO_INCREMENT=11 DEFAULT CHARSET=utf8 COLLATE=utf8_unicode_ci;

--
-- Data for table `craft_elements`
--

BEGIN;
INSERT INTO `craft_elements` (`id`, `type`, `enabled`, `archived`, `dateCreated`, `dateUpdated`, `uid`) VALUES
 ('1', 'User', '1', '0', '2013-07-16 01:38:27', '2013-07-16 01:38:27', '69f0c536-0d8f-4bbf-8ba3-30d711159657'),
 ('2', 'GlobalSet', '1', '0', '2013-07-16 01:38:28', '2013-07-18 02:15:43', '74730d4f-64c4-4d1f-9599-8834c576e1e8'),
 ('3', 'Entry', '1', '0', '2013-07-16 01:38:29', '2013-07-16 01:38:29', 'f6ee0f42-1b98-4ec0-9454-e075464bb4d4'),
 ('4', 'Entry', '1', '0', '2013-07-16 01:47:04', '2013-07-17 14:12:25', '321f9789-4396-4798-a915-a17581684722'),
 ('5', 'GlobalSet', '1', '0', '2013-07-16 12:44:25', '2013-07-18 02:06:52', '71f250ed-3456-4762-abd7-4ade48e5c8c3'),
 ('7', 'Entry', '1', '0', '2013-07-17 14:12:05', '2013-07-18 02:36:47', '4dde94f1-401a-46cc-8e6f-9b75419ec573'),
 ('8', 'GlobalSet', '1', '0', '2013-07-17 14:16:25', '2013-07-21 19:38:15', '5e266e95-11b4-4e83-9655-f08cdf7a03f0'),
 ('9', 'GlobalSet', '1', '0', '2013-07-18 02:07:53', '2013-07-21 15:06:02', '75a6875c-10eb-4141-9f8a-9ca00f1a9c79'),
 ('10', 'Entry', '1', '0', '2013-07-19 01:09:24', '2013-07-19 01:09:24', 'c9e9f8fb-cd2c-4b42-bafb-efda9152d8e4');
COMMIT;


--
-- Schema for table `craft_elements_i18n`
--

DROP TABLE IF EXISTS `craft_elements_i18n`;

CREATE TABLE `craft_elements_i18n` (
  `id` int(11) NOT NULL AUTO_INCREMENT,
  `elementId` int(11) NOT NULL,
  `locale` char(12) COLLATE utf8_unicode_ci NOT NULL,
  `uri` varchar(255) COLLATE utf8_unicode_ci DEFAULT NULL,
  `dateCreated` datetime NOT NULL,
  `dateUpdated` datetime NOT NULL,
  `uid` char(36) COLLATE utf8_unicode_ci NOT NULL DEFAULT '0',
  PRIMARY KEY (`id`),
  UNIQUE KEY `craft_elements_i18n_elementId_locale_unq_idx` (`elementId`,`locale`),
  UNIQUE KEY `craft_elements_i18n_uri_locale_unq_idx` (`uri`,`locale`),
  KEY `craft_elements_i18n_locale_fk` (`locale`)
) ENGINE=InnoDB AUTO_INCREMENT=5 DEFAULT CHARSET=utf8 COLLATE=utf8_unicode_ci;

--
-- Data for table `craft_elements_i18n`
--

BEGIN;
INSERT INTO `craft_elements_i18n` (`id`, `elementId`, `locale`, `uri`, `dateCreated`, `dateUpdated`, `uid`) VALUES
 ('1', '3', 'en_us', 'news/2013/we-just-installed-craft', '2013-07-16 01:38:29', '2013-07-16 01:38:29', '5926cb35-41fe-473c-a12f-f31e57ca971b'),
 ('2', '4', 'en_us', 'news/2013/tim-is-so-cool', '2013-07-16 01:47:04', '2013-07-17 14:12:25', '018a2361-6b79-4879-801a-a47fdfa965f1'),
 ('3', '7', 'en_us', 'players/landon-donovan', '2013-07-17 14:12:05', '2013-07-18 02:36:47', 'd329424e-56fb-40eb-ab00-76bd1437ed1d'),
 ('4', '10', 'en_us', 'players/stuart-holden', '2013-07-19 01:09:24', '2013-07-19 01:09:24', '151e492e-c71d-4ecc-8692-ccf157b21270');
COMMIT;


--
-- Schema for table `craft_emailmessages`
--

DROP TABLE IF EXISTS `craft_emailmessages`;

CREATE TABLE `craft_emailmessages` (
  `id` int(11) NOT NULL AUTO_INCREMENT,
  `key` char(150) COLLATE utf8_unicode_ci NOT NULL,
  `locale` char(12) COLLATE utf8_unicode_ci NOT NULL,
  `subject` varchar(1000) COLLATE utf8_unicode_ci NOT NULL,
  `body` text COLLATE utf8_unicode_ci NOT NULL,
  `dateCreated` datetime NOT NULL,
  `dateUpdated` datetime NOT NULL,
  `uid` char(36) COLLATE utf8_unicode_ci NOT NULL DEFAULT '0',
  PRIMARY KEY (`id`),
  UNIQUE KEY `craft_emailmessages_key_locale_unq_idx` (`key`,`locale`)
) ENGINE=InnoDB DEFAULT CHARSET=utf8 COLLATE=utf8_unicode_ci;

--
-- Schema for table `craft_entries`
--

DROP TABLE IF EXISTS `craft_entries`;

CREATE TABLE `craft_entries` (
  `id` int(11) NOT NULL,
  `sectionId` int(11) NOT NULL,
  `authorId` int(11) NOT NULL,
  `postDate` datetime DEFAULT NULL,
  `expiryDate` datetime DEFAULT NULL,
  `dateCreated` datetime NOT NULL,
  `dateUpdated` datetime NOT NULL,
  `uid` char(36) COLLATE utf8_unicode_ci NOT NULL DEFAULT '0',
  PRIMARY KEY (`id`),
  KEY `craft_entries_sectionId_idx` (`sectionId`),
  KEY `craft_entries_postDate_idx` (`postDate`),
  KEY `craft_entries_expiryDate_idx` (`expiryDate`),
  KEY `craft_entries_authorId_fk` (`authorId`)
) ENGINE=InnoDB DEFAULT CHARSET=utf8 COLLATE=utf8_unicode_ci;

--
-- Data for table `craft_entries`
--

BEGIN;
INSERT INTO `craft_entries` (`id`, `sectionId`, `authorId`, `postDate`, `expiryDate`, `dateCreated`, `dateUpdated`, `uid`) VALUES
 ('3', '1', '1', '2013-07-16 01:38:29', NULL, '2013-07-16 01:38:29', '2013-07-16 01:38:29', '19a02d9a-9683-47e4-8a06-59b72ac6acfe'),
 ('4', '1', '1', '2013-07-16 01:47:00', NULL, '2013-07-16 01:47:04', '2013-07-17 14:12:25', 'e12ec77f-525a-4c2d-a062-fbe839a38ef7'),
 ('7', '2', '1', '2013-07-17 14:12:00', NULL, '2013-07-17 14:12:05', '2013-07-18 02:36:47', 'bd3f9d12-c59e-4f4c-823f-2c2133c10789'),
 ('10', '2', '1', '2013-07-19 01:09:23', NULL, '2013-07-19 01:09:24', '2013-07-19 01:09:24', 'fee376d9-e885-4128-91c9-18ee9df79514');
COMMIT;


--
-- Schema for table `craft_entries_i18n`
--

DROP TABLE IF EXISTS `craft_entries_i18n`;

CREATE TABLE `craft_entries_i18n` (
  `id` int(11) NOT NULL AUTO_INCREMENT,
  `entryId` int(11) NOT NULL,
  `sectionId` int(11) NOT NULL,
  `locale` char(12) COLLATE utf8_unicode_ci NOT NULL,
  `title` varchar(255) COLLATE utf8_unicode_ci NOT NULL,
  `slug` varchar(255) COLLATE utf8_unicode_ci NOT NULL,
  `dateCreated` datetime NOT NULL,
  `dateUpdated` datetime NOT NULL,
  `uid` char(36) COLLATE utf8_unicode_ci NOT NULL DEFAULT '0',
  PRIMARY KEY (`id`),
  UNIQUE KEY `craft_entries_i18n_entryId_locale_unq_idx` (`entryId`,`locale`),
  UNIQUE KEY `craft_entries_i18n_slug_sectionId_locale_unq_idx` (`slug`,`sectionId`,`locale`),
  KEY `craft_entries_i18n_title_idx` (`title`),
  KEY `craft_entries_i18n_sectionId_fk` (`sectionId`),
  KEY `craft_entries_i18n_locale_fk` (`locale`)
) ENGINE=InnoDB AUTO_INCREMENT=5 DEFAULT CHARSET=utf8 COLLATE=utf8_unicode_ci;

--
-- Data for table `craft_entries_i18n`
--

BEGIN;
INSERT INTO `craft_entries_i18n` (`id`, `entryId`, `sectionId`, `locale`, `title`, `slug`, `dateCreated`, `dateUpdated`, `uid`) VALUES
 ('1', '3', '1', 'en_us', 'We just installed Craft!', 'we-just-installed-craft', '2013-07-16 01:38:29', '2013-07-16 01:38:29', '206a435d-ac57-4d7b-b7f6-97968ee98725'),
 ('2', '4', '1', 'en_us', 'Tim Is So Cool', 'tim-is-so-cool', '2013-07-16 01:47:04', '2013-07-17 14:12:25', 'c977956b-e6b5-412d-a23d-2e8ada8647a8'),
 ('3', '7', '2', 'en_us', 'Landon Donovan', 'landon-donovan', '2013-07-17 14:12:05', '2013-07-18 02:36:47', 'a3db831c-550a-43bd-a42b-1cf5b852cce8'),
 ('4', '10', '2', 'en_us', 'Stuart Holden', 'stuart-holden', '2013-07-19 01:09:24', '2013-07-19 01:09:24', '184e9ca7-1e57-4085-8644-645f429ac7c3');
COMMIT;


--
-- Schema for table `craft_entrydrafts`
--

DROP TABLE IF EXISTS `craft_entrydrafts`;

CREATE TABLE `craft_entrydrafts` (
  `id` int(11) NOT NULL AUTO_INCREMENT,
  `entryId` int(11) NOT NULL,
  `sectionId` int(11) NOT NULL,
  `creatorId` int(11) NOT NULL,
  `locale` char(12) COLLATE utf8_unicode_ci NOT NULL,
  `name` varchar(255) COLLATE utf8_unicode_ci DEFAULT NULL,
  `data` mediumtext COLLATE utf8_unicode_ci NOT NULL,
  `dateCreated` datetime NOT NULL,
  `dateUpdated` datetime NOT NULL,
  `uid` char(36) COLLATE utf8_unicode_ci NOT NULL DEFAULT '0',
  PRIMARY KEY (`id`),
  KEY `craft_entrydrafts_entryId_locale_idx` (`entryId`,`locale`),
  KEY `craft_entrydrafts_sectionId_fk` (`sectionId`),
  KEY `craft_entrydrafts_creatorId_fk` (`creatorId`),
  KEY `craft_entrydrafts_locale_fk` (`locale`)
) ENGINE=InnoDB DEFAULT CHARSET=utf8 COLLATE=utf8_unicode_ci;

--
-- Schema for table `craft_entrytags`
--

DROP TABLE IF EXISTS `craft_entrytags`;

CREATE TABLE `craft_entrytags` (
  `id` int(11) NOT NULL AUTO_INCREMENT,
  `name` varchar(100) COLLATE utf8_unicode_ci NOT NULL,
  `count` int(10) NOT NULL,
  `dateCreated` datetime NOT NULL,
  `dateUpdated` datetime NOT NULL,
  `uid` char(36) COLLATE utf8_unicode_ci NOT NULL DEFAULT '0',
  PRIMARY KEY (`id`),
  UNIQUE KEY `craft_entrytags_name_unq_idx` (`name`)
) ENGINE=InnoDB DEFAULT CHARSET=utf8 COLLATE=utf8_unicode_ci;

--
-- Schema for table `craft_entrytags_entries`
--

DROP TABLE IF EXISTS `craft_entrytags_entries`;

CREATE TABLE `craft_entrytags_entries` (
  `id` int(11) NOT NULL AUTO_INCREMENT,
  `tagId` int(11) NOT NULL,
  `entryId` int(11) NOT NULL,
  `dateCreated` datetime NOT NULL,
  `dateUpdated` datetime NOT NULL,
  `uid` char(36) COLLATE utf8_unicode_ci NOT NULL DEFAULT '0',
  PRIMARY KEY (`id`),
  KEY `craft_entrytags_entries_tagId_fk` (`tagId`),
  KEY `craft_entrytags_entries_entryId_fk` (`entryId`)
) ENGINE=InnoDB DEFAULT CHARSET=utf8 COLLATE=utf8_unicode_ci;

--
-- Schema for table `craft_entryversions`
--

DROP TABLE IF EXISTS `craft_entryversions`;

CREATE TABLE `craft_entryversions` (
  `id` int(11) NOT NULL AUTO_INCREMENT,
  `entryId` int(11) NOT NULL,
  `sectionId` int(11) NOT NULL,
  `creatorId` int(11) NOT NULL,
  `locale` char(12) COLLATE utf8_unicode_ci NOT NULL,
  `notes` tinytext COLLATE utf8_unicode_ci,
  `data` mediumtext COLLATE utf8_unicode_ci NOT NULL,
  `dateCreated` datetime NOT NULL,
  `dateUpdated` datetime NOT NULL,
  `uid` char(36) COLLATE utf8_unicode_ci NOT NULL DEFAULT '0',
  PRIMARY KEY (`id`),
  KEY `craft_entryversions_entryId_locale_idx` (`entryId`,`locale`),
  KEY `craft_entryversions_sectionId_fk` (`sectionId`),
  KEY `craft_entryversions_creatorId_fk` (`creatorId`),
  KEY `craft_entryversions_locale_fk` (`locale`)
) ENGINE=InnoDB AUTO_INCREMENT=5 DEFAULT CHARSET=utf8 COLLATE=utf8_unicode_ci;

--
-- Data for table `craft_entryversions`
--

BEGIN;
INSERT INTO `craft_entryversions` (`id`, `entryId`, `sectionId`, `creatorId`, `locale`, `notes`, `data`, `dateCreated`, `dateUpdated`, `uid`) VALUES
 ('1', '7', '2', '1', 'en_us', NULL, '{\"authorId\":\"1\",\"title\":\"Landon Donovan\",\"slug\":\"landon-donovan\",\"postDate\":1374070324,\"expiryDate\":null,\"enabled\":1,\"tags\":[],\"fields\":{\"2\":\"<p>\\r\\n\\t<span style=\\\"font-family: Arial, Helvetica, Verdana, Tahoma, sans-serif;\\\">Lorem ipsum dolor sit amet, consectetur adipisicing elit, sed do eiusmod tempor incididunt ut labore et dolore magna aliqua. Ut enim ad minim veniam, quis nostrud exercitation ullamco laboris nisi ut aliquip ex ea commodo consequat. Duis aute irure dolor in reprehenderit in voluptate velit esse cillum dolore eu fugiat nulla pariatur. Excepteur sint occaecat cupidatat non proident, sunt in culpa qui officia deserunt mollit anim id est laborum.<\\/span>\\r\\n<\\/p>\",\"8\":[{\"col1\":\"LA Galaxy\"}],\"7\":[\"Forward\"]}}', '2013-07-17 14:12:05', '2013-07-17 14:12:05', '0d71f193-27d5-4919-b4e9-c8fe71f597ba'),
 ('2', '4', '1', '1', 'en_us', NULL, '{\"authorId\":\"1\",\"title\":\"Tim Is So Cool\",\"slug\":\"tim-is-so-cool\",\"postDate\":1373939220,\"expiryDate\":null,\"enabled\":1,\"tags\":[],\"fields\":{\"2\":\"<p>\\r\\n\\t And handsome.\\r\\n<\\/p>\",\"10\":[\"7\"]}}', '2013-07-17 14:12:25', '2013-07-17 14:12:25', '021fe9ae-075e-49a0-b813-54d96dd6bff0'),
 ('3', '7', '2', '1', 'en_us', NULL, '{\"authorId\":\"1\",\"title\":\"Landon Donovan\",\"slug\":\"landon-donovan\",\"postDate\":1374070320,\"expiryDate\":null,\"enabled\":1,\"tags\":[],\"fields\":{\"2\":\"<p>\\r\\n\\t Lorem ipsum dolor sit amet, consectetur adipisicing elit, sed do eiusmod tempor incididunt ut labore et dolore magna aliqua. Ut enim ad minim veniam, quis nostrud exercitation ullamco laboris nisi ut aliquip ex ea commodo consequat. Duis aute irure dolor in reprehenderit in voluptate velit esse cillum dolore eu fugiat nulla pariatur. Excepteur sint occaecat cupidatat non proident, sunt in culpa qui officia deserunt mollit anim id est laborum.\\r\\n<\\/p>\",\"8\":[{\"col1\":\"LA Galaxy\"}],\"7\":[\"Forward\"]}}', '2013-07-18 02:36:47', '2013-07-18 02:36:47', '8231f17a-10ef-4592-a863-5c56422b32bd'),
 ('4', '10', '2', '1', 'en_us', NULL, '{\"authorId\":\"1\",\"title\":\"Stuart Holden\",\"slug\":\"stuart-holden\",\"postDate\":1374196163,\"expiryDate\":null,\"enabled\":1,\"tags\":[],\"fields\":{\"2\":\"<p>\\r\\n\\t<span style=\\\"font-family: Arial, Helvetica, Verdana, Tahoma, sans-serif;\\\">Lorem ipsum dolor sit amet, consectetur adipisicing elit, sed do eiusmod tempor incididunt ut labore et dolore magna aliqua. Ut enim ad minim veniam, quis nostrud exercitation ullamco laboris nisi ut aliquip ex ea commodo consequat. Duis aute irure dolor in reprehenderit in voluptate velit esse cillum dolore eu fugiat nulla pariatur. Excepteur sint occaecat cupidatat non proident, sunt in culpa qui officia deserunt mollit anim id est laborum.<\\/span>\\r\\n<\\/p>\",\"8\":[{\"col1\":\"Bolton Wanderers\"}],\"7\":[\"Midfield\"]}}', '2013-07-19 01:09:24', '2013-07-19 01:09:24', '08c095b4-a51f-4a62-a1e4-07750ca47fae');
COMMIT;


--
-- Schema for table `craft_fieldgroups`
--

DROP TABLE IF EXISTS `craft_fieldgroups`;

CREATE TABLE `craft_fieldgroups` (
  `id` int(11) NOT NULL AUTO_INCREMENT,
  `name` varchar(100) COLLATE utf8_unicode_ci NOT NULL,
  `dateCreated` datetime NOT NULL,
  `dateUpdated` datetime NOT NULL,
  `uid` char(36) COLLATE utf8_unicode_ci NOT NULL DEFAULT '0',
  PRIMARY KEY (`id`),
  UNIQUE KEY `craft_fieldgroups_name_unq_idx` (`name`)
) ENGINE=InnoDB AUTO_INCREMENT=8 DEFAULT CHARSET=utf8 COLLATE=utf8_unicode_ci;

--
-- Data for table `craft_fieldgroups`
--

BEGIN;
INSERT INTO `craft_fieldgroups` (`id`, `name`, `dateCreated`, `dateUpdated`, `uid`) VALUES
 ('1', 'Default', '2013-07-16 01:38:28', '2013-07-16 01:38:28', '15d9a49a-6411-4935-ba1a-3bf018126169'),
 ('2', 'USMNT', '2013-07-16 12:44:40', '2013-07-18 02:09:15', 'e0b3d27d-0cce-4d02-9cde-7c7176744c56'),
 ('3', 'Players', '2013-07-16 12:54:42', '2013-07-16 12:54:42', 'bd44b986-a19c-47ba-8832-499dd56f2368'),
 ('4', 'Ranking', '2013-07-16 13:08:17', '2013-07-16 13:08:17', 'a1dd33b4-0a48-40f6-a2e8-42f1ef7a7520'),
 ('5', 'News', '2013-07-17 14:09:59', '2013-07-17 14:09:59', '62889d51-4dfd-41bc-9109-af254edda96e'),
 ('6', 'Social', '2013-07-17 15:44:50', '2013-07-18 02:00:17', '8be38b07-78df-487f-a413-e5fa617f342c'),
 ('7', 'About', '2013-07-18 02:10:41', '2013-07-18 02:10:41', 'e667afba-5abf-4790-a906-18b22dd6c51a');
COMMIT;


--
-- Schema for table `craft_fieldlayoutfields`
--

DROP TABLE IF EXISTS `craft_fieldlayoutfields`;

CREATE TABLE `craft_fieldlayoutfields` (
  `id` int(11) NOT NULL AUTO_INCREMENT,
  `layoutId` int(11) NOT NULL,
  `tabId` int(11) DEFAULT NULL,
  `fieldId` int(11) NOT NULL,
  `required` tinyint(1) unsigned NOT NULL DEFAULT '0',
  `sortOrder` tinyint(4) DEFAULT NULL,
  `dateCreated` datetime NOT NULL,
  `dateUpdated` datetime NOT NULL,
  `uid` char(36) COLLATE utf8_unicode_ci NOT NULL DEFAULT '0',
  PRIMARY KEY (`id`),
  UNIQUE KEY `craft_fieldlayoutfields_layoutId_fieldId_unq_idx` (`layoutId`,`fieldId`),
  KEY `craft_fieldlayoutfields_sortOrder_idx` (`sortOrder`),
  KEY `craft_fieldlayoutfields_tabId_fk` (`tabId`),
  KEY `craft_fieldlayoutfields_fieldId_fk` (`fieldId`)
) ENGINE=InnoDB AUTO_INCREMENT=57 DEFAULT CHARSET=utf8 COLLATE=utf8_unicode_ci;

--
-- Data for table `craft_fieldlayoutfields`
--

BEGIN;
INSERT INTO `craft_fieldlayoutfields` (`id`, `layoutId`, `tabId`, `fieldId`, `required`, `sortOrder`, `dateCreated`, `dateUpdated`, `uid`) VALUES
 ('14', '11', '5', '2', '0', '1', '2013-07-17 13:21:57', '2013-07-17 13:21:57', '987424b1-2b76-478d-8be4-360dc4bb49bc'),
 ('15', '11', '5', '6', '0', '2', '2013-07-17 13:21:57', '2013-07-17 13:21:57', 'b812fdc3-b1ee-4a8a-ac4f-4d5fd6c61ca9'),
 ('16', '11', '5', '7', '0', '3', '2013-07-17 13:21:57', '2013-07-17 13:21:57', 'd62afb18-b343-40dd-a279-e7b0c2cc9637'),
 ('17', '11', '5', '8', '0', '4', '2013-07-17 13:21:57', '2013-07-17 13:21:57', 'fb4344c1-c7dc-4fe7-a832-210d466917bf'),
 ('18', '12', '6', '2', '1', '1', '2013-07-17 14:10:59', '2013-07-17 14:10:59', '49b9ad23-f201-4fc8-8dc7-7eaaccd241ac'),
 ('19', '12', '6', '10', '0', '2', '2013-07-17 14:10:59', '2013-07-17 14:10:59', '391e8518-6531-4d3f-b276-1d9101bde7d4'),
 ('35', '21', NULL, '4', '0', '1', '2013-07-18 02:06:52', '2013-07-18 02:06:52', '426e017c-0f96-439d-9d5c-a1b33e5bcbdd'),
 ('36', '21', NULL, '3', '0', '2', '2013-07-18 02:06:52', '2013-07-18 02:06:52', '93ebfb31-92d6-433e-b30f-30faf5a0e167'),
 ('37', '21', NULL, '15', '0', '3', '2013-07-18 02:06:52', '2013-07-18 02:06:52', 'ef39ddea-4fde-4009-b890-82d966967576'),
 ('38', '21', NULL, '5', '0', '4', '2013-07-18 02:06:52', '2013-07-18 02:06:52', '31f379fe-0e26-4aaf-bcac-045c222680fd'),
 ('49', '26', NULL, '11', '0', '1', '2013-07-18 02:15:43', '2013-07-18 02:15:43', 'da63fd7d-1dfa-40b1-b805-7356628024fb'),
 ('50', '26', NULL, '13', '0', '2', '2013-07-18 02:15:43', '2013-07-18 02:15:43', 'b427e544-379d-4be9-89db-27a0aa5dda9f'),
 ('51', '26', NULL, '12', '0', '3', '2013-07-18 02:15:43', '2013-07-18 02:15:43', '313f4b84-baf2-47aa-a9ab-b7f162e66fb7'),
 ('52', '26', NULL, '17', '0', '4', '2013-07-18 02:15:43', '2013-07-18 02:15:43', '270f1852-26cb-46bd-a6c4-746d363cd728'),
 ('53', '29', NULL, '16', '0', '1', '2013-07-21 15:06:02', '2013-07-21 15:06:02', 'dc5bcc68-2391-45b9-8acf-8a0044dd854b'),
 ('54', '29', NULL, '18', '0', '2', '2013-07-21 15:06:02', '2013-07-21 15:06:02', '8f34f7ac-d1c3-4e83-a82d-5e11ac94d372'),
 ('55', '30', NULL, '14', '0', '1', '2013-07-21 19:38:15', '2013-07-21 19:38:15', '5e73f562-6423-4065-a040-5877d76c5893'),
 ('56', '30', NULL, '9', '0', '2', '2013-07-21 19:38:15', '2013-07-21 19:38:15', 'a399cdf3-226e-4bc0-b67c-7650ccc8d9be');
COMMIT;


--
-- Schema for table `craft_fieldlayouts`
--

DROP TABLE IF EXISTS `craft_fieldlayouts`;

CREATE TABLE `craft_fieldlayouts` (
  `id` int(11) NOT NULL AUTO_INCREMENT,
  `type` char(150) COLLATE utf8_unicode_ci NOT NULL,
  `dateCreated` datetime NOT NULL,
  `dateUpdated` datetime NOT NULL,
  `uid` char(36) COLLATE utf8_unicode_ci NOT NULL DEFAULT '0',
  PRIMARY KEY (`id`),
  KEY `craft_fieldlayouts_type_idx` (`type`)
) ENGINE=InnoDB AUTO_INCREMENT=31 DEFAULT CHARSET=utf8 COLLATE=utf8_unicode_ci;

--
-- Data for table `craft_fieldlayouts`
--

BEGIN;
INSERT INTO `craft_fieldlayouts` (`id`, `type`, `dateCreated`, `dateUpdated`, `uid`) VALUES
 ('11', 'Entry', '2013-07-17 13:21:57', '2013-07-17 13:21:57', '672b7299-8783-4bfb-8b74-f001448b8895'),
 ('12', 'Entry', '2013-07-17 14:10:59', '2013-07-17 14:10:59', 'd59bf7d6-a787-4645-bfec-c687fc7c9a0c'),
 ('13', 'GlobalSet', '2013-07-17 14:14:07', '2013-07-17 14:14:07', '0d6ee451-3d20-4c83-96dd-5ffd8878b95c'),
 ('21', 'GlobalSet', '2013-07-18 02:06:52', '2013-07-18 02:06:52', 'a26d61cb-0757-44a9-ae44-9989e64dc96a'),
 ('26', 'GlobalSet', '2013-07-18 02:15:43', '2013-07-18 02:15:43', 'd5f1f6f4-c64d-4626-9dfa-3f9bb17c0e65'),
 ('28', 'Entry', '2013-07-21 14:49:32', '2013-07-21 14:49:32', 'c51eacf6-f541-4e19-be6a-c9e65edd7933'),
 ('29', 'GlobalSet', '2013-07-21 15:06:02', '2013-07-21 15:06:02', '24c8e0f4-bd63-4906-a11d-43554c1c2031'),
 ('30', 'GlobalSet', '2013-07-21 19:38:15', '2013-07-21 19:38:15', '50cffbec-5c06-467d-b2da-0291a8a076c0');
COMMIT;


--
-- Schema for table `craft_fieldlayouttabs`
--

DROP TABLE IF EXISTS `craft_fieldlayouttabs`;

CREATE TABLE `craft_fieldlayouttabs` (
  `id` int(11) NOT NULL AUTO_INCREMENT,
  `layoutId` int(11) NOT NULL,
  `name` varchar(100) COLLATE utf8_unicode_ci DEFAULT NULL,
  `sortOrder` tinyint(4) DEFAULT NULL,
  `dateCreated` datetime NOT NULL,
  `dateUpdated` datetime NOT NULL,
  `uid` char(36) COLLATE utf8_unicode_ci NOT NULL DEFAULT '0',
  PRIMARY KEY (`id`),
  KEY `craft_fieldlayouttabs_sortOrder_idx` (`sortOrder`),
  KEY `craft_fieldlayouttabs_layoutId_fk` (`layoutId`)
) ENGINE=InnoDB AUTO_INCREMENT=7 DEFAULT CHARSET=utf8 COLLATE=utf8_unicode_ci;

--
-- Data for table `craft_fieldlayouttabs`
--

BEGIN;
INSERT INTO `craft_fieldlayouttabs` (`id`, `layoutId`, `name`, `sortOrder`, `dateCreated`, `dateUpdated`, `uid`) VALUES
 ('5', '11', 'Player', '1', '2013-07-17 13:21:57', '2013-07-17 13:21:57', 'b2f1abe7-f69c-4a85-bdba-2360ca810a9a'),
 ('6', '12', 'Content', '1', '2013-07-17 14:10:59', '2013-07-17 14:10:59', '03ce7b44-855d-419a-8a4b-86c31b5c99d1');
COMMIT;


--
-- Schema for table `craft_fields`
--

DROP TABLE IF EXISTS `craft_fields`;

CREATE TABLE `craft_fields` (
  `id` int(11) NOT NULL AUTO_INCREMENT,
  `groupId` int(11) DEFAULT NULL,
  `name` varchar(100) COLLATE utf8_unicode_ci NOT NULL,
  `handle` char(64) COLLATE utf8_unicode_ci NOT NULL,
  `instructions` text COLLATE utf8_unicode_ci,
  `translatable` tinyint(1) unsigned NOT NULL DEFAULT '0',
  `type` char(150) COLLATE utf8_unicode_ci NOT NULL,
  `settings` text COLLATE utf8_unicode_ci,
  `dateCreated` datetime NOT NULL,
  `dateUpdated` datetime NOT NULL,
  `uid` char(36) COLLATE utf8_unicode_ci NOT NULL DEFAULT '0',
  PRIMARY KEY (`id`),
  UNIQUE KEY `craft_fields_handle_unq_idx` (`handle`),
  KEY `craft_fields_groupId_fk` (`groupId`)
) ENGINE=InnoDB AUTO_INCREMENT=20 DEFAULT CHARSET=utf8 COLLATE=utf8_unicode_ci;

--
-- Data for table `craft_fields`
--

BEGIN;
INSERT INTO `craft_fields` (`id`, `groupId`, `name`, `handle`, `instructions`, `translatable`, `type`, `settings`, `dateCreated`, `dateUpdated`, `uid`) VALUES
 ('1', '1', 'Heading', 'heading', NULL, '1', 'PlainText', NULL, '2013-07-16 01:38:28', '2013-07-16 01:38:28', 'e8c9f37c-80fe-40a5-9264-f1a7c66199f2'),
 ('2', '1', 'Body', 'body', NULL, '1', 'RichText', '{\"configFile\":\"Standard.json\"}', '2013-07-16 01:38:28', '2013-07-16 01:38:28', 'c6fe48b0-d8bb-44a9-aa7f-1ab9abf34557'),
 ('3', '2', 'Bio', 'team_bio', 'Descriptive text of USMNT', '0', 'RichText', '{\"configFile\":\"\",\"cleanupHtml\":\"1\"}', '2013-07-16 12:45:18', '2013-07-16 12:45:40', 'cf6012a1-00e1-45c9-914e-13a64664bfe8'),
 ('4', '2', 'Photo', 'team_photo', '', '0', 'Assets', '{\"sources\":\"*\",\"limit\":\"1\"}', '2013-07-16 12:46:25', '2013-07-16 12:46:25', '800e5f81-5372-4ff1-bb0b-2e22a6031063'),
 ('5', '2', 'Current Ranking', 'team_ranking', '', '0', 'Number', '{\"min\":\"1\",\"max\":\"100\",\"decimals\":\"\"}', '2013-07-16 12:48:35', '2013-07-16 13:01:00', '0a939a3f-4a9d-4387-8e03-f2eae488ae18'),
 ('6', '3', 'Photo', 'player_photo', '', '0', 'Assets', '{\"sources\":\"*\",\"limit\":\"1\"}', '2013-07-16 12:55:10', '2013-07-16 12:55:10', '53480f2a-85c2-446f-88d1-6f3a6284bec9'),
 ('7', '3', 'Position', 'player_position', '', '0', 'MultiSelect', '{\"options\":[{\"label\":\"Forward\",\"value\":\"Forward\",\"default\":\"\"},{\"label\":\"Midfield\",\"value\":\"Midfield\",\"default\":\"\"},{\"label\":\"Defender\",\"value\":\"Defender\",\"default\":\"\"},{\"label\":\"Goalie\",\"value\":\"Goalie\",\"default\":\"\"}]}', '2013-07-16 12:58:36', '2013-07-16 12:58:36', 'fd1b4527-8bd3-4860-97c7-4ee2a33a5d22'),
 ('8', '3', 'Clubs', 'player_clubs', '', '0', 'Table', '{\"columns\":{\"col1\":{\"heading\":\"Club\",\"handle\":\"player_club\",\"width\":\"\",\"type\":\"singleline\"}},\"defaults\":{\"row1\":{\"col1\":\"\"}}}', '2013-07-16 13:00:35', '2013-07-17 14:08:46', '6551a770-914d-4c67-a158-e43aa4bed027'),
 ('9', '4', 'Ranking', 'ranking', '', '0', 'Table', '{\"columns\":{\"col1\":{\"heading\":\"Nation\",\"handle\":\"nation\",\"width\":\"30%\",\"type\":\"singleline\"},\"col2\":{\"heading\":\"Info\",\"handle\":\"nation_info\",\"width\":\"70%\",\"type\":\"multiline\"}},\"defaults\":{\"row1\":{\"col1\":\"\",\"col2\":\"\"}}}', '2013-07-16 13:11:26', '2013-07-17 14:57:36', '44ef64fb-554d-4f3f-9341-3d7afcc1b519'),
 ('10', '5', 'Related Players', 'related_players', '', '0', 'Entries', '{\"sources\":[\"section:2\"],\"limit\":\"\"}', '2013-07-17 14:10:43', '2013-07-17 14:10:43', '887992e6-6d78-4e89-9c47-7d1bc695812b'),
 ('11', '5', 'Featured Posts', 'featured_posts', '', '0', 'Entries', '{\"sources\":[\"section:1\"],\"limit\":\"5\"}', '2013-07-17 14:19:21', '2013-07-17 14:19:21', '15db75f3-2226-4eb8-ba7f-5130285e9c7f'),
 ('12', '6', 'Twitter', 'twitter', 'Twitter handle', '0', 'PlainText', '{\"placeholder\":\"\",\"multiline\":\"\",\"initialRows\":\"4\"}', '2013-07-17 15:45:15', '2013-07-17 15:45:15', '6d5953fe-b8fa-410f-8baf-3b4bce04e484'),
 ('13', '6', 'Facebook', 'facebook', 'Facebook URL', '0', 'PlainText', '{\"placeholder\":\"\",\"multiline\":\"\",\"initialRows\":\"4\"}', '2013-07-17 15:45:32', '2013-07-17 15:45:32', 'b7819888-b53f-4671-91f0-3929681200de'),
 ('14', '4', 'Intro', 'ranking_intro', '', '0', 'RichText', '{\"configFile\":\"\",\"cleanupHtml\":\"1\"}', '2013-07-18 01:55:58', '2013-07-18 01:55:58', '2db4c766-0cfc-4072-a719-346235d691bd'),
 ('15', '2', 'Current Roster', 'current_roster', '', '0', 'Entries', '{\"sources\":[\"section:2\"],\"limit\":\"\"}', '2013-07-18 02:03:36', '2013-07-18 02:57:23', '887e4003-37ce-4a70-94f6-b5150116bf32'),
 ('16', '7', 'Purpose', 'purpose', 'Why this site exists.', '0', 'RichText', '{\"configFile\":\"\",\"cleanupHtml\":\"1\"}', '2013-07-18 02:11:28', '2013-07-18 02:11:28', '12ec153a-991b-490d-8fd7-4b15ba4cc44f'),
 ('17', '6', 'Email', 'email', '', '0', 'PlainText', '{\"placeholder\":\"\",\"multiline\":\"\",\"initialRows\":\"4\"}', '2013-07-18 02:13:17', '2013-07-18 02:13:17', '41f6d68a-c688-494f-b33d-74bea79d8c8e'),
 ('18', '7', 'Writers', 'writers', '', '0', 'Table', '{\"columns\":{\"col1\":{\"heading\":\"Name\",\"handle\":\"writer_name\",\"width\":\"\",\"type\":\"singleline\"},\"col2\":{\"heading\":\"Bio\",\"handle\":\"writer_bio\",\"width\":\"\",\"type\":\"multiline\"}},\"defaults\":{\"row1\":{\"col1\":\"\",\"col2\":\"\"}}}', '2013-07-21 14:50:59', '2013-07-21 14:52:13', '6529d5c2-4d4a-4e2a-ac82-158806a6ec28'),
 ('19', '2', 'Coach', 'coach', '', '0', 'Table', '{\"columns\":{\"col1\":{\"heading\":\"Name\",\"handle\":\"coach_name\",\"width\":\"\",\"type\":\"singleline\"},\"col2\":{\"heading\":\"Bio\",\"handle\":\"coach_bio\",\"width\":\"\",\"type\":\"singleline\"}},\"defaults\":{\"row1\":{\"col1\":\"\",\"col2\":\"\"}}}', '2013-07-21 20:15:38', '2013-07-21 20:15:38', 'd9d36356-4501-4e86-9388-59904f79f203');
COMMIT;


--
-- Schema for table `craft_globalsets`
--

DROP TABLE IF EXISTS `craft_globalsets`;

CREATE TABLE `craft_globalsets` (
  `id` int(11) NOT NULL,
  `name` varchar(100) COLLATE utf8_unicode_ci NOT NULL,
  `handle` char(45) COLLATE utf8_unicode_ci NOT NULL,
  `fieldLayoutId` int(10) DEFAULT NULL,
  `dateCreated` datetime NOT NULL,
  `dateUpdated` datetime NOT NULL,
  `uid` char(36) COLLATE utf8_unicode_ci NOT NULL DEFAULT '0',
  PRIMARY KEY (`id`),
  UNIQUE KEY `craft_globalsets_name_unq_idx` (`name`),
  UNIQUE KEY `craft_globalsets_handle_unq_idx` (`handle`),
  KEY `craft_globalsets_fieldLayoutId_fk` (`fieldLayoutId`)
) ENGINE=InnoDB DEFAULT CHARSET=utf8 COLLATE=utf8_unicode_ci;

--
-- Data for table `craft_globalsets`
--

BEGIN;
INSERT INTO `craft_globalsets` (`id`, `name`, `handle`, `fieldLayoutId`, `dateCreated`, `dateUpdated`, `uid`) VALUES
 ('2', 'Social and Contact', 'global', '26', '2013-07-16 01:38:28', '2013-07-18 02:15:43', '30784720-be73-4861-bc95-e89ed51366b5'),
 ('5', 'USMNT', 'team', '21', '2013-07-16 12:44:25', '2013-07-18 02:06:52', '61328184-42d4-4ada-a782-461bdacd0397'),
 ('8', 'International Rankings', 'rankings', '30', '2013-07-17 14:16:25', '2013-07-21 19:38:15', 'c843d08a-3ccf-4c70-8154-c194d25214ef'),
 ('9', 'About', 'about', '29', '2013-07-18 02:07:53', '2013-07-21 15:06:02', 'f0c4c56e-bcbf-472f-b1a4-07df7bc41d8a');
COMMIT;


--
-- Schema for table `craft_info`
--

DROP TABLE IF EXISTS `craft_info`;

CREATE TABLE `craft_info` (
  `id` int(11) NOT NULL AUTO_INCREMENT,
  `version` char(15) COLLATE utf8_unicode_ci NOT NULL,
  `build` int(11) unsigned NOT NULL,
  `packages` varchar(200) COLLATE utf8_unicode_ci DEFAULT NULL,
  `releaseDate` datetime NOT NULL,
  `siteName` varchar(100) COLLATE utf8_unicode_ci NOT NULL,
  `siteUrl` varchar(255) COLLATE utf8_unicode_ci NOT NULL,
  `timezone` varchar(30) COLLATE utf8_unicode_ci DEFAULT NULL,
  `on` tinyint(1) unsigned NOT NULL DEFAULT '0',
  `maintenance` tinyint(1) unsigned NOT NULL DEFAULT '0',
  `track` varchar(40) COLLATE utf8_unicode_ci NOT NULL,
  `dateCreated` datetime NOT NULL,
  `dateUpdated` datetime NOT NULL,
  `uid` char(36) COLLATE utf8_unicode_ci NOT NULL DEFAULT '0',
  PRIMARY KEY (`id`)
) ENGINE=InnoDB AUTO_INCREMENT=2 DEFAULT CHARSET=utf8 COLLATE=utf8_unicode_ci;

--
-- Data for table `craft_info`
--

BEGIN;
INSERT INTO `craft_info` (`id`, `version`, `build`, `packages`, `releaseDate`, `siteName`, `siteUrl`, `timezone`, `on`, `maintenance`, `track`, `dateCreated`, `dateUpdated`, `uid`) VALUES
 ('1', '1.0', '2280', 'PublishPro', '2013-07-12 17:20:30', 'Kick Republic', 'http://kickrepublic.dev', 'UTC', '1', '1', 'stable', '2013-07-16 01:38:25', '2013-07-31 02:41:59', '687443b4-3a5a-49f5-9965-2ff864281860');
COMMIT;


--
-- Schema for table `craft_locales`
--

DROP TABLE IF EXISTS `craft_locales`;

CREATE TABLE `craft_locales` (
  `locale` char(12) COLLATE utf8_unicode_ci NOT NULL,
  `sortOrder` tinyint(4) DEFAULT NULL,
  `dateCreated` datetime NOT NULL,
  `dateUpdated` datetime NOT NULL,
  `uid` char(36) COLLATE utf8_unicode_ci NOT NULL DEFAULT '0',
  PRIMARY KEY (`locale`)
) ENGINE=InnoDB DEFAULT CHARSET=utf8 COLLATE=utf8_unicode_ci;

--
-- Data for table `craft_locales`
--

BEGIN;
INSERT INTO `craft_locales` (`locale`, `sortOrder`, `dateCreated`, `dateUpdated`, `uid`) VALUES
 ('en_us', '1', '2013-07-16 01:38:26', '2013-07-16 01:38:26', '515151d4-0e03-40d1-88fd-4b625fdea03e');
COMMIT;


--
-- Schema for table `craft_migrations`
--

DROP TABLE IF EXISTS `craft_migrations`;

CREATE TABLE `craft_migrations` (
  `id` int(11) NOT NULL AUTO_INCREMENT,
  `pluginId` int(11) DEFAULT NULL,
  `version` varchar(255) COLLATE utf8_unicode_ci NOT NULL,
  `applyTime` datetime NOT NULL,
  `dateCreated` datetime NOT NULL,
  `dateUpdated` datetime NOT NULL,
  `uid` char(36) COLLATE utf8_unicode_ci NOT NULL DEFAULT '0',
  PRIMARY KEY (`id`),
  UNIQUE KEY `craft_migrations_version_unq_idx` (`version`),
  KEY `craft_migrations_pluginId_fk` (`pluginId`)
) ENGINE=InnoDB AUTO_INCREMENT=2 DEFAULT CHARSET=utf8 COLLATE=utf8_unicode_ci;

--
-- Data for table `craft_migrations`
--

BEGIN;
INSERT INTO `craft_migrations` (`id`, `pluginId`, `version`, `applyTime`, `dateCreated`, `dateUpdated`, `uid`) VALUES
 ('1', NULL, 'm000000_000000_base', '2013-07-16 01:38:26', '2013-07-16 01:38:26', '2013-07-16 01:38:26', 'd9bd4634-73ca-443c-9db2-b3c650360caf');
COMMIT;


--
-- Schema for table `craft_plugins`
--

DROP TABLE IF EXISTS `craft_plugins`;

CREATE TABLE `craft_plugins` (
  `id` int(11) NOT NULL AUTO_INCREMENT,
  `class` char(150) COLLATE utf8_unicode_ci NOT NULL,
  `version` char(15) COLLATE utf8_unicode_ci NOT NULL,
  `enabled` tinyint(1) unsigned NOT NULL DEFAULT '0',
  `settings` text COLLATE utf8_unicode_ci,
  `installDate` datetime NOT NULL,
  `dateCreated` datetime NOT NULL,
  `dateUpdated` datetime NOT NULL,
  `uid` char(36) COLLATE utf8_unicode_ci NOT NULL DEFAULT '0',
  PRIMARY KEY (`id`)
) ENGINE=InnoDB DEFAULT CHARSET=utf8 COLLATE=utf8_unicode_ci;

--
-- Schema for table `craft_rackspaceaccess`
--

DROP TABLE IF EXISTS `craft_rackspaceaccess`;

CREATE TABLE `craft_rackspaceaccess` (
  `id` int(11) NOT NULL AUTO_INCREMENT,
  `connectionKey` varchar(255) COLLATE utf8_unicode_ci NOT NULL,
  `token` varchar(255) COLLATE utf8_unicode_ci NOT NULL,
  `storageUrl` varchar(255) COLLATE utf8_unicode_ci NOT NULL,
  `cdnUrl` varchar(255) COLLATE utf8_unicode_ci NOT NULL,
  `dateCreated` datetime NOT NULL,
  `dateUpdated` datetime NOT NULL,
  `uid` char(36) COLLATE utf8_unicode_ci NOT NULL DEFAULT '0',
  PRIMARY KEY (`id`),
  UNIQUE KEY `craft_rackspaceaccess_connectionKey_unq_idx` (`connectionKey`)
) ENGINE=InnoDB DEFAULT CHARSET=utf8 COLLATE=utf8_unicode_ci;

--
-- Schema for table `craft_relations`
--

DROP TABLE IF EXISTS `craft_relations`;

CREATE TABLE `craft_relations` (
  `id` int(11) NOT NULL AUTO_INCREMENT,
  `fieldId` int(11) NOT NULL,
  `parentId` int(11) NOT NULL,
  `childId` int(11) NOT NULL,
  `sortOrder` tinyint(4) DEFAULT NULL,
  `dateCreated` datetime NOT NULL,
  `dateUpdated` datetime NOT NULL,
  `uid` char(36) COLLATE utf8_unicode_ci NOT NULL DEFAULT '0',
  PRIMARY KEY (`id`),
  UNIQUE KEY `craft_relations_fieldId_parentId_childId_unq_idx` (`fieldId`,`parentId`,`childId`),
  KEY `craft_relations_parentId_fk` (`parentId`),
  KEY `craft_relations_childId_fk` (`childId`)
) ENGINE=InnoDB AUTO_INCREMENT=7 DEFAULT CHARSET=utf8 COLLATE=utf8_unicode_ci;

--
-- Data for table `craft_relations`
--

BEGIN;
INSERT INTO `craft_relations` (`id`, `fieldId`, `parentId`, `childId`, `sortOrder`, `dateCreated`, `dateUpdated`, `uid`) VALUES
 ('1', '10', '4', '7', '1', '2013-07-17 14:12:25', '2013-07-17 14:12:25', '335568b1-78c0-4c36-abc7-0792c6a8da2b'),
 ('5', '11', '2', '4', '1', '2013-07-18 02:14:15', '2013-07-18 02:14:15', 'c0f477b7-4638-4831-abd6-1b8a767deacf'),
 ('6', '15', '5', '7', '1', '2013-07-18 02:42:48', '2013-07-18 02:42:48', 'c433391f-28a6-4ae9-bc41-321793a2c9a7');
COMMIT;


--
-- Schema for table `craft_routes`
--

DROP TABLE IF EXISTS `craft_routes`;

CREATE TABLE `craft_routes` (
  `id` int(11) NOT NULL AUTO_INCREMENT,
  `urlParts` varchar(255) COLLATE utf8_unicode_ci NOT NULL,
  `urlPattern` varchar(255) COLLATE utf8_unicode_ci NOT NULL,
  `template` varchar(255) COLLATE utf8_unicode_ci NOT NULL,
  `sortOrder` tinyint(4) DEFAULT NULL,
  `dateCreated` datetime NOT NULL,
  `dateUpdated` datetime NOT NULL,
  `uid` char(36) COLLATE utf8_unicode_ci NOT NULL DEFAULT '0',
  PRIMARY KEY (`id`),
  UNIQUE KEY `craft_routes_urlPattern_unq_idx` (`urlPattern`)
) ENGINE=InnoDB DEFAULT CHARSET=utf8 COLLATE=utf8_unicode_ci;

--
-- Schema for table `craft_searchindex`
--

DROP TABLE IF EXISTS `craft_searchindex`;

CREATE TABLE `craft_searchindex` (
  `elementId` int(11) NOT NULL,
  `attribute` varchar(25) COLLATE utf8_unicode_ci NOT NULL,
  `fieldId` int(11) NOT NULL,
  `locale` char(12) COLLATE utf8_unicode_ci NOT NULL,
  `keywords` text COLLATE utf8_unicode_ci NOT NULL,
  PRIMARY KEY (`elementId`,`attribute`,`fieldId`,`locale`),
  FULLTEXT KEY `craft_searchindex_keywords_idx` (`keywords`)
) ENGINE=MyISAM DEFAULT CHARSET=utf8 COLLATE=utf8_unicode_ci;

--
-- Data for table `craft_searchindex`
--

BEGIN;
INSERT INTO `craft_searchindex` (`elementId`, `attribute`, `fieldId`, `locale`, `keywords`) VALUES
 ('1', 'username', '0', 'en_us', ' tim '),
 ('1', 'email', '0', 'en_us', ' bcfeeney gmail com '),
 ('2', 'field', '2', 'en_us', ' it s true this site doesn t have a whole lot of content yet but don t worry our web developers have just installed the cms and they re setting things up for the content editors this very moment soon kickrepublic com will be an oasis of fresh perspectives sharp analyses and astute opinions that will keep you coming back again and again '),
 ('2', 'field', '1', 'en_us', ' welcome to kickrepublic com '),
 ('3', 'title', '0', 'en_us', ' we just installed craft '),
 ('3', 'slug', '0', 'en_us', ' we just installed craft '),
 ('3', 'field', '2', 'en_us', ' craft is the cms that s powering kickrepublic com it s beautiful powerful flexible and easy to use and it s made by pixel tonic we can t wait to dive in and see what it s capable of this is even more captivating content which you couldn t see on the news index page because it was entered after a page break and the news index template only likes to show the content on the first page craft a nice alternative to word if you re making a website '),
 ('4', 'title', '0', 'en_us', ' tim is so cool '),
 ('4', 'slug', '0', 'en_us', ' tim is so cool '),
 ('4', 'field', '2', 'en_us', ' and handsome '),
 ('7', 'title', '0', 'en_us', ' landon donovan '),
 ('7', 'slug', '0', 'en_us', ' landon donovan '),
 ('7', 'field', '2', 'en_us', ' lorem ipsum dolor sit amet consectetur adipisicing elit sed do eiusmod tempor incididunt ut labore et dolore magna aliqua ut enim ad minim veniam quis nostrud exercitation ullamco laboris nisi ut aliquip ex ea commodo consequat duis aute irure dolor in reprehenderit in voluptate velit esse cillum dolore eu fugiat nulla pariatur excepteur sint occaecat cupidatat non proident sunt in culpa qui officia deserunt mollit anim id est laborum '),
 ('7', 'field', '8', 'en_us', ' la galaxy la galaxy '),
 ('7', 'field', '7', 'en_us', ' forward '),
 ('4', 'field', '10', 'en_us', ' 7 1 0 en_us players landon donovan 2013 07 17 2013 07 17 2 1 landon donovan landon donovan 2013 07 17 '),
 ('8', 'field', '9', 'en_us', ' spain despite a 3 0 drubbing against brazil in the 2013 confederations cup final spain is still the world s top team after winning consecutive european championships euro 2008 and euro 2012 and a world cup crown sandwiched between them by the time the soccer world heads to brazil next summer el rojo will be among the top teams to beat spain despite a 3 0 drubbing against brazil in the 2013 confederations cup final spain is still the world s top team after winning consecutive european championships euro 2008 and euro 2012 and a world cup crown sandwiched between them by the time the soccer world heads to brazil next summer el rojo will be among the top teams to beat germany germany brazil brazil colombia colombia agrentina agrentina netherlands netherlands italy italy portugal portugal portugal portugal belgium belgium greece greece uruguay uruguay cote d ivoire cote d ivoire bosnia herzegovina bosnia herzegovina england england switzerland switzerland united states the u s has had a sparkling summer 2013 and hopes to keep the momentum rolling with victories over germany mexico and blank the team when wc qualifying continues against blank in september rode a record win streak with seven in a row united states the u s has had a sparkling summer 2013 and hopes to keep the momentum rolling with victories over germany mexico and blank the team when wc qualifying continues against blank in september rode a record win streak with seven in a row russia russia ecuador ecuador peru peru mexico mexico chile chile france france ghana ghana norway norway '),
 ('2', 'field', '11', 'en_us', ' 4 1 0 en_us news 2013 tim is so cool 2013 07 16 2013 07 17 1 1 tim is so cool tim is so cool 2013 07 16 '),
 ('2', 'field', '12', 'en_us', ' kickrepublic '),
 ('5', 'field', '15', 'en_us', ' 7 1 0 en_us players landon donovan 2013 07 17 2013 07 18 2 1 landon donovan landon donovan 2013 07 17 '),
 ('2', 'field', '17', 'en_us', ' info kickrepublic com '),
 ('5', 'field', '3', 'en_us', ' lorem ipsum dolor sit amet consectetur adipisicing elit sed do eiusmod tempor incididunt ut labore et dolore magna aliqua ut enim ad minim veniam quis nostrud exercitation ullamco laboris nisi ut aliquip ex ea commodo consequat duis aute irure dolor in reprehenderit in voluptate velit esse cillum dolore eu fugiat nulla pariatur excepteur sint occaecat cupidatat non proident sunt in culpa qui officia deserunt mollit anim id est laborum '),
 ('5', 'field', '5', 'en_us', ' 8 '),
 ('10', 'title', '0', 'en_us', ' stuart holden '),
 ('10', 'slug', '0', 'en_us', ' stuart holden '),
 ('10', 'field', '2', 'en_us', ' lorem ipsum dolor sit amet consectetur adipisicing elit sed do eiusmod tempor incididunt ut labore et dolore magna aliqua ut enim ad minim veniam quis nostrud exercitation ullamco laboris nisi ut aliquip ex ea commodo consequat duis aute irure dolor in reprehenderit in voluptate velit esse cillum dolore eu fugiat nulla pariatur excepteur sint occaecat cupidatat non proident sunt in culpa qui officia deserunt mollit anim id est laborum '),
 ('10', 'field', '8', 'en_us', ' bolton wanderers bolton wanderers '),
 ('10', 'field', '7', 'en_us', ' midfield '),
 ('9', 'field', '16', 'en_us', ' lorem ipsum dolor sit amet consectetur adipisicing elit sed do eiusmod tempor incididunt ut labore et dolore magna aliqua ut enim ad minim veniam quis nostrud exercitation ullamco laboris nisi ut aliquip ex ea commodo consequat duis aute irure dolor in reprehenderit in voluptate velit esse cillum dolore eu fugiat nulla pariatur excepteur sint occaecat cupidatat non proident sunt in culpa qui officia deserunt mollit anim id est laborum '),
 ('9', 'field', '18', 'en_us', ' tim gray lorem ipsum dolor sit amet consectetur adipisicing elit sed do eiusmod tempor incididunt ut labore et dolore magna aliqua ut enim ad minim veniam quis nostrud exercitation ullamco laboris nisi ut aliquip ex ea commodo consequat tim gray lorem ipsum dolor sit amet consectetur adipisicing elit sed do eiusmod tempor incididunt ut labore et dolore magna aliqua ut enim ad minim veniam quis nostrud exercitation ullamco laboris nisi ut aliquip ex ea commodo consequat '),
 ('8', 'field', '14', 'en_us', ' lorem ipsum dolor sit amet consectetur adipisicing elit sed do eiusmod tempor incididunt ut labore et dolore magna aliqua ut enim ad minim veniam quis nostrud exercitation ullamco laboris nisi ut aliquip ex ea commodo consequat duis aute irure dolor in reprehenderit in voluptate velit esse cillum dolore eu fugiat nulla pariatur excepteur sint occaecat cupidatat non proident sunt in culpa qui officia deserunt mollit anim id est laborum ');
COMMIT;


--
-- Schema for table `craft_sections`
--

DROP TABLE IF EXISTS `craft_sections`;

CREATE TABLE `craft_sections` (
  `id` int(11) NOT NULL AUTO_INCREMENT,
  `name` varchar(100) COLLATE utf8_unicode_ci NOT NULL,
  `handle` char(45) COLLATE utf8_unicode_ci NOT NULL,
  `titleLabel` varchar(255) COLLATE utf8_unicode_ci NOT NULL DEFAULT 'Title',
  `hasUrls` tinyint(1) unsigned NOT NULL DEFAULT '1',
  `template` varchar(500) COLLATE utf8_unicode_ci DEFAULT NULL,
  `fieldLayoutId` int(10) DEFAULT NULL,
  `dateCreated` datetime NOT NULL,
  `dateUpdated` datetime NOT NULL,
  `uid` char(36) COLLATE utf8_unicode_ci NOT NULL DEFAULT '0',
  PRIMARY KEY (`id`),
  UNIQUE KEY `craft_sections_name_unq_idx` (`name`),
  UNIQUE KEY `craft_sections_handle_unq_idx` (`handle`),
  KEY `craft_sections_fieldLayoutId_fk` (`fieldLayoutId`)
) ENGINE=InnoDB AUTO_INCREMENT=3 DEFAULT CHARSET=utf8 COLLATE=utf8_unicode_ci;

--
-- Data for table `craft_sections`
--

BEGIN;
INSERT INTO `craft_sections` (`id`, `name`, `handle`, `titleLabel`, `hasUrls`, `template`, `fieldLayoutId`, `dateCreated`, `dateUpdated`, `uid`) VALUES
 ('1', 'News', 'news', 'Title', '1', 'news/_entry', '12', '2013-07-16 01:38:29', '2013-07-17 14:10:59', 'bfcd5ecf-d6fa-4bb4-96d4-cc4dde137cb3'),
 ('2', 'Players', 'players', 'Title', '1', 'players/_entry', '11', '2013-07-16 12:54:13', '2013-07-17 13:21:57', '3dfb51ab-192f-46b8-8802-e38fac5f92de');
COMMIT;


--
-- Schema for table `craft_sections_i18n`
--

DROP TABLE IF EXISTS `craft_sections_i18n`;

CREATE TABLE `craft_sections_i18n` (
  `id` int(11) NOT NULL AUTO_INCREMENT,
  `sectionId` int(11) NOT NULL,
  `locale` char(12) COLLATE utf8_unicode_ci NOT NULL,
  `urlFormat` varchar(255) COLLATE utf8_unicode_ci DEFAULT NULL,
  `dateCreated` datetime NOT NULL,
  `dateUpdated` datetime NOT NULL,
  `uid` char(36) COLLATE utf8_unicode_ci NOT NULL DEFAULT '0',
  PRIMARY KEY (`id`),
  UNIQUE KEY `craft_sections_i18n_sectionId_locale_unq_idx` (`sectionId`,`locale`),
  KEY `craft_sections_i18n_locale_fk` (`locale`)
) ENGINE=InnoDB AUTO_INCREMENT=3 DEFAULT CHARSET=utf8 COLLATE=utf8_unicode_ci;

--
-- Data for table `craft_sections_i18n`
--

BEGIN;
INSERT INTO `craft_sections_i18n` (`id`, `sectionId`, `locale`, `urlFormat`, `dateCreated`, `dateUpdated`, `uid`) VALUES
 ('1', '1', 'en_us', 'news/{postDate.year}/{slug}', '2013-07-16 01:38:29', '2013-07-16 01:38:29', 'c0130c09-4389-4129-ac4b-f20bd8ef73ee'),
 ('2', '2', 'en_us', 'players/{slug}', '2013-07-16 12:54:13', '2013-07-16 12:54:13', '4997eb1f-7a80-4ec5-9bec-967265cd8017');
COMMIT;


--
-- Schema for table `craft_sessions`
--

DROP TABLE IF EXISTS `craft_sessions`;

CREATE TABLE `craft_sessions` (
  `id` int(11) NOT NULL AUTO_INCREMENT,
  `userId` int(11) NOT NULL,
  `token` char(100) COLLATE utf8_unicode_ci NOT NULL,
  `dateCreated` datetime NOT NULL,
  `dateUpdated` datetime NOT NULL,
  `uid` char(36) COLLATE utf8_unicode_ci NOT NULL DEFAULT '0',
  PRIMARY KEY (`id`),
  KEY `craft_sessions_uid_idx` (`uid`),
  KEY `craft_sessions_token_idx` (`token`),
  KEY `craft_sessions_dateUpdated_idx` (`dateUpdated`),
  KEY `craft_sessions_userId_fk` (`userId`)
) ENGINE=InnoDB AUTO_INCREMENT=17 DEFAULT CHARSET=utf8 COLLATE=utf8_unicode_ci;

--
-- Data for table `craft_sessions`
--

BEGIN;
INSERT INTO `craft_sessions` (`id`, `userId`, `token`, `dateCreated`, `dateUpdated`, `uid`) VALUES
 ('1', '1', '$2a$08$w7ihymj88Bka.nbA/hkP4Oo7XjUy4T3DzOCK6npDBCRgvEV/Nn1JS', '2013-07-16 01:38:27', '2013-07-16 01:38:27', '8f0ee71c-2ba1-490d-9716-1c44b3c5de07'),
 ('2', '1', '$2a$08$tS03LbSGHMMTNGd.KhWhDeQCmn3HOJdRiAbVqtJ8kQffpFTMXiaqq', '2013-07-16 01:52:52', '2013-07-16 01:52:52', '9f846959-9afe-47ee-91c4-b268695fbabb'),
 ('4', '1', '$2a$08$lhP7lnbIsH6g/qybp5kVJ.hwYxNCYr1SnuYAvTUcWLjzCrNg5OWFu', '2013-07-17 13:27:26', '2013-07-17 13:27:26', '92696856-81b4-46df-a8bb-e322d4720f96'),
 ('5', '1', '$2a$08$R/TvDzOete.BdQZuSXbQkulFKbL7yL1N2YSiITZGC8Aif4g9DxPgy', '2013-07-17 14:07:35', '2013-07-17 14:56:40', 'd705ec6c-40c8-460a-ab28-b79284fff6d2'),
 ('6', '1', '$2a$08$clH009Ao6mDT6Ti7ZGd32O45l1ZK2U1.3ceahhUMXx2pTfCaRS2Ty', '2013-07-17 14:49:28', '2013-07-17 14:49:28', '8328d017-448f-4f6b-8da9-dfa60b9f8f08'),
 ('7', '1', '$2a$08$6PnEXYP025aYuVfXfD2pSOOeHfL1OiOagkpevtc8c6jUz2pD4Wmyy', '2013-07-17 18:14:50', '2013-07-17 18:14:50', 'af68e11e-e20f-4283-923d-bba787036025'),
 ('8', '1', '$2a$08$Dm/gaEiIiv/6BhQb1C2Z6.R.B1uoKHK56pr1r4H/Ek1ftOmVX03EC', '2013-07-17 21:12:45', '2013-07-17 21:12:45', 'bc8c95b1-94f4-4be2-bac7-d56a75ed1824'),
 ('10', '1', '$2a$08$1SBtSH/mEXJeg.eLcAVNNe5AvYGmmaJO9enhnHT1LHkx69XAnCioe', '2013-07-18 12:32:55', '2013-07-18 12:32:55', 'b108e3ee-83b5-4374-81fb-b454ee5bf6e7'),
 ('11', '1', '$2a$08$MBwuJGExVOzuiN5YK6uZLueshawaQ.kHEmtWubumBdzJfabvmcBd6', '2013-07-18 14:49:35', '2013-07-18 14:49:35', '975c71c3-3e2a-4f83-89fc-a291282a03d7'),
 ('12', '1', '$2a$08$dlhiu22aLVsJN7Re8UecCu9ivsTti7KmZtE79B7dm4/M1Md2hru0.', '2013-07-19 01:08:28', '2013-07-19 01:08:28', '95081b33-920b-4744-a728-accb77432e53'),
 ('13', '1', '$2a$08$ivX.Y0kwA2r1wu5MkOyhX.0d6b9i7cmyixa9LiZkKuEJzgL2jjye2', '2013-07-19 13:17:11', '2013-07-19 13:17:11', 'a6568c96-e9cf-4378-ba5a-c41126a2e0f2'),
 ('14', '1', '$2a$08$D8p1wywc71KKDDI0R5XFzuDHrLl4DEJAbJmlNpia.5fx/sldAZbqS', '2013-07-21 14:43:17', '2013-07-21 14:43:17', 'cca49afc-8c19-42fa-adc7-07b157a4d449'),
 ('15', '1', '$2a$08$yU4WevtMhKy/N68tALx15eZYsH3J7qzBSHUwOxcxfOMrmlyoBGvOG', '2013-07-21 19:35:50', '2013-07-21 19:35:50', '7aeb1b85-42e9-4311-a19a-5a18f9664957'),
 ('16', '1', '$2a$08$YrlGGqDvaq5W9R16rawXcOLTAFu1lq1vWtmC7SrTt4g09hnZFOBlG', '2013-07-31 02:41:40', '2013-07-31 02:41:40', 'b50d3087-84c2-45a3-b391-ec70ad19eac5');
COMMIT;


--
-- Schema for table `craft_shunnedmessages`
--

DROP TABLE IF EXISTS `craft_shunnedmessages`;

CREATE TABLE `craft_shunnedmessages` (
  `id` int(11) NOT NULL AUTO_INCREMENT,
  `userId` int(11) NOT NULL,
  `message` varchar(255) COLLATE utf8_unicode_ci NOT NULL,
  `expiryDate` datetime DEFAULT NULL,
  `dateCreated` datetime NOT NULL,
  `dateUpdated` datetime NOT NULL,
  `uid` char(36) COLLATE utf8_unicode_ci NOT NULL DEFAULT '0',
  PRIMARY KEY (`id`),
  UNIQUE KEY `craft_shunnedmessages_userId_message_unq_idx` (`userId`,`message`)
) ENGINE=InnoDB DEFAULT CHARSET=utf8 COLLATE=utf8_unicode_ci;

--
-- Schema for table `craft_systemsettings`
--

DROP TABLE IF EXISTS `craft_systemsettings`;

CREATE TABLE `craft_systemsettings` (
  `id` int(11) NOT NULL AUTO_INCREMENT,
  `category` varchar(15) COLLATE utf8_unicode_ci NOT NULL,
  `settings` text COLLATE utf8_unicode_ci,
  `dateCreated` datetime NOT NULL,
  `dateUpdated` datetime NOT NULL,
  `uid` char(36) COLLATE utf8_unicode_ci NOT NULL DEFAULT '0',
  PRIMARY KEY (`id`),
  UNIQUE KEY `craft_systemsettings_category_unq_idx` (`category`)
) ENGINE=InnoDB AUTO_INCREMENT=2 DEFAULT CHARSET=utf8 COLLATE=utf8_unicode_ci;

--
-- Data for table `craft_systemsettings`
--

BEGIN;
INSERT INTO `craft_systemsettings` (`id`, `category`, `settings`, `dateCreated`, `dateUpdated`, `uid`) VALUES
 ('1', 'email', '{\"protocol\":\"php\",\"emailAddress\":\"bcfeeney@gmail.com\",\"senderName\":\"Kick Republic\"}', '2013-07-16 01:38:28', '2013-07-16 01:38:28', '8f98e157-6b44-40b3-b67e-4db9bff11d0d');
COMMIT;


--
-- Schema for table `craft_usergroups`
--

DROP TABLE IF EXISTS `craft_usergroups`;

CREATE TABLE `craft_usergroups` (
  `id` int(11) NOT NULL AUTO_INCREMENT,
  `name` varchar(100) COLLATE utf8_unicode_ci NOT NULL,
  `handle` char(255) COLLATE utf8_unicode_ci NOT NULL,
  `dateCreated` datetime NOT NULL,
  `dateUpdated` datetime NOT NULL,
  `uid` char(36) COLLATE utf8_unicode_ci NOT NULL DEFAULT '0',
  PRIMARY KEY (`id`)
) ENGINE=InnoDB DEFAULT CHARSET=utf8 COLLATE=utf8_unicode_ci;

--
-- Schema for table `craft_usergroups_users`
--

DROP TABLE IF EXISTS `craft_usergroups_users`;

CREATE TABLE `craft_usergroups_users` (
  `id` int(11) NOT NULL AUTO_INCREMENT,
  `groupId` int(11) NOT NULL,
  `userId` int(11) NOT NULL,
  `dateCreated` datetime NOT NULL,
  `dateUpdated` datetime NOT NULL,
  `uid` char(36) COLLATE utf8_unicode_ci NOT NULL DEFAULT '0',
  PRIMARY KEY (`id`),
  UNIQUE KEY `craft_usergroups_users_groupId_userId_unq_idx` (`groupId`,`userId`),
  KEY `craft_usergroups_users_userId_fk` (`userId`)
) ENGINE=InnoDB DEFAULT CHARSET=utf8 COLLATE=utf8_unicode_ci;

--
-- Schema for table `craft_userpermissions`
--

DROP TABLE IF EXISTS `craft_userpermissions`;

CREATE TABLE `craft_userpermissions` (
  `id` int(11) NOT NULL AUTO_INCREMENT,
  `name` varchar(100) COLLATE utf8_unicode_ci NOT NULL,
  `dateCreated` datetime NOT NULL,
  `dateUpdated` datetime NOT NULL,
  `uid` char(36) COLLATE utf8_unicode_ci NOT NULL DEFAULT '0',
  PRIMARY KEY (`id`),
  UNIQUE KEY `craft_userpermissions_name_unq_idx` (`name`)
) ENGINE=InnoDB DEFAULT CHARSET=utf8 COLLATE=utf8_unicode_ci;

--
-- Schema for table `craft_userpermissions_usergroups`
--

DROP TABLE IF EXISTS `craft_userpermissions_usergroups`;

CREATE TABLE `craft_userpermissions_usergroups` (
  `id` int(11) NOT NULL AUTO_INCREMENT,
  `permissionId` int(11) NOT NULL,
  `groupId` int(11) NOT NULL,
  `dateCreated` datetime NOT NULL,
  `dateUpdated` datetime NOT NULL,
  `uid` char(36) COLLATE utf8_unicode_ci NOT NULL DEFAULT '0',
  PRIMARY KEY (`id`),
  UNIQUE KEY `craft_userpermissions_usergroups_permissionId_groupId_unq_idx` (`permissionId`,`groupId`),
  KEY `craft_userpermissions_usergroups_groupId_fk` (`groupId`)
) ENGINE=InnoDB DEFAULT CHARSET=utf8 COLLATE=utf8_unicode_ci;

--
-- Schema for table `craft_userpermissions_users`
--

DROP TABLE IF EXISTS `craft_userpermissions_users`;

CREATE TABLE `craft_userpermissions_users` (
  `id` int(11) NOT NULL AUTO_INCREMENT,
  `permissionId` int(11) NOT NULL,
  `userId` int(11) NOT NULL,
  `dateCreated` datetime NOT NULL,
  `dateUpdated` datetime NOT NULL,
  `uid` char(36) COLLATE utf8_unicode_ci NOT NULL DEFAULT '0',
  PRIMARY KEY (`id`),
  UNIQUE KEY `craft_userpermissions_users_permissionId_userId_unq_idx` (`permissionId`,`userId`),
  KEY `craft_userpermissions_users_userId_fk` (`userId`)
) ENGINE=InnoDB DEFAULT CHARSET=utf8 COLLATE=utf8_unicode_ci;

--
-- Schema for table `craft_users`
--

DROP TABLE IF EXISTS `craft_users`;

CREATE TABLE `craft_users` (
  `id` int(11) NOT NULL,
  `username` varchar(100) COLLATE utf8_unicode_ci NOT NULL,
  `photo` varchar(50) COLLATE utf8_unicode_ci DEFAULT NULL,
  `firstName` varchar(100) COLLATE utf8_unicode_ci DEFAULT NULL,
  `lastName` varchar(100) COLLATE utf8_unicode_ci DEFAULT NULL,
  `email` varchar(255) COLLATE utf8_unicode_ci NOT NULL,
  `password` char(255) COLLATE utf8_unicode_ci DEFAULT NULL,
  `encType` char(10) COLLATE utf8_unicode_ci DEFAULT NULL,
  `preferredLocale` char(12) COLLATE utf8_unicode_ci DEFAULT NULL,
  `admin` tinyint(1) unsigned NOT NULL DEFAULT '0',
  `status` enum('locked','suspended','pending','active','archived') COLLATE utf8_unicode_ci DEFAULT 'pending',
  `lastLoginDate` datetime DEFAULT NULL,
  `lastLoginAttemptIPAddress` varchar(45) COLLATE utf8_unicode_ci DEFAULT NULL,
  `invalidLoginWindowStart` datetime DEFAULT NULL,
  `invalidLoginCount` tinyint(4) unsigned DEFAULT NULL,
  `lastInvalidLoginDate` datetime DEFAULT NULL,
  `lockoutDate` datetime DEFAULT NULL,
  `verificationCode` char(100) COLLATE utf8_unicode_ci DEFAULT NULL,
  `verificationCodeIssuedDate` datetime DEFAULT NULL,
  `passwordResetRequired` tinyint(1) unsigned NOT NULL DEFAULT '0',
  `lastPasswordChangeDate` datetime DEFAULT NULL,
  `dateCreated` datetime NOT NULL,
  `dateUpdated` datetime NOT NULL,
  `uid` char(36) COLLATE utf8_unicode_ci NOT NULL DEFAULT '0',
  PRIMARY KEY (`id`),
  UNIQUE KEY `craft_users_username_unq_idx` (`username`),
  UNIQUE KEY `craft_users_email_unq_idx` (`email`),
  KEY `craft_users_verificationCode_idx` (`verificationCode`),
  KEY `craft_users_uid_idx` (`uid`),
  KEY `craft_users_preferredLocale_fk` (`preferredLocale`)
) ENGINE=InnoDB DEFAULT CHARSET=utf8 COLLATE=utf8_unicode_ci;

--
-- Data for table `craft_users`
--

BEGIN;
INSERT INTO `craft_users` (`id`, `username`, `photo`, `firstName`, `lastName`, `email`, `password`, `encType`, `preferredLocale`, `admin`, `status`, `lastLoginDate`, `lastLoginAttemptIPAddress`, `invalidLoginWindowStart`, `invalidLoginCount`, `lastInvalidLoginDate`, `lockoutDate`, `verificationCode`, `verificationCodeIssuedDate`, `passwordResetRequired`, `lastPasswordChangeDate`, `dateCreated`, `dateUpdated`, `uid`) VALUES
 ('1', 'Tim', NULL, NULL, NULL, 'bcfeeney@gmail.com', '$2a$08$EUVVc.MI/eau4ji.j.q07OXRo5EB.4qF4EIgeaBYyJW.IbMW8SZ9O', 'blowfish', NULL, '1', 'active', '2013-07-31 02:41:39', '127.0.0.1', NULL, NULL, '2013-07-16 01:52:29', NULL, NULL, NULL, '0', '2013-07-16 01:38:27', '2013-07-16 01:38:27', '2013-07-31 02:41:39', 'e6a50d7d-732a-4a8a-8b24-2322369958de');
COMMIT;


--
-- Schema for table `craft_widgets`
--

DROP TABLE IF EXISTS `craft_widgets`;

CREATE TABLE `craft_widgets` (
  `id` int(11) NOT NULL AUTO_INCREMENT,
  `userId` int(11) NOT NULL,
  `type` char(150) COLLATE utf8_unicode_ci NOT NULL,
  `sortOrder` tinyint(4) DEFAULT NULL,
  `settings` text COLLATE utf8_unicode_ci,
  `enabled` tinyint(1) unsigned NOT NULL DEFAULT '1',
  `dateCreated` datetime NOT NULL,
  `dateUpdated` datetime NOT NULL,
  `uid` char(36) COLLATE utf8_unicode_ci NOT NULL DEFAULT '0',
  PRIMARY KEY (`id`),
  KEY `craft_widgets_userId_fk` (`userId`)
) ENGINE=InnoDB AUTO_INCREMENT=8 DEFAULT CHARSET=utf8 COLLATE=utf8_unicode_ci;

--
-- Data for table `craft_widgets`
--

BEGIN;
INSERT INTO `craft_widgets` (`id`, `userId`, `type`, `sortOrder`, `settings`, `enabled`, `dateCreated`, `dateUpdated`, `uid`) VALUES
 ('1', '1', 'QuickPost', '1', '{\"section\":\"1\"}', '1', '2013-07-16 01:38:48', '2013-07-19 01:11:59', 'fcbab992-4475-4848-bcfe-7341074e7a2d'),
 ('2', '1', 'RecentEntries', '2', '[]', '0', '2013-07-16 01:38:48', '2013-07-19 01:11:27', '34f86f9c-999a-4f3b-aaf1-124df2881176'),
 ('3', '1', 'GetHelp', '5', '[]', '0', '2013-07-16 01:38:48', '2013-07-19 01:12:15', '7fe429b5-6d71-4e8a-8de7-d56bbbcdcb25'),
 ('4', '1', 'Updates', '4', '[]', '0', '2013-07-16 01:38:48', '2013-07-19 01:12:29', '184af2c9-020f-49b6-bdf1-11bbdc3a3276'),
 ('5', '1', 'Feed', '5', '{\"url\":\"http:\\/\\/feeds.feedburner.com\\/blogandtonic\",\"title\":\"Blog & Tonic\"}', '0', '2013-07-16 01:38:48', '2013-07-18 12:33:46', '7cd6167a-30c4-42ea-bd72-1ac28fd66a35'),
 ('6', '1', 'RecentEntries', '2', '{\"section\":\"1\",\"limit\":\"10\"}', '1', '2013-07-19 01:11:18', '2013-07-19 01:11:59', '49128fbc-d148-4f4c-a9d0-b538b4b2ce24'),
 ('7', '1', 'RecentEntries', '3', '{\"section\":\"2\",\"limit\":\"10\"}', '1', '2013-07-19 01:11:34', '2013-07-19 01:11:59', '05fe5b20-e4d8-4d45-b0ad-c74b3bb12903');
COMMIT;

--
-- Constraints for tables
--


--
-- Constraints for table `craft_assetfiles`
--
ALTER TABLE `craft_assetfiles`
	ADD CONSTRAINT `craft_assetfiles_folderId_fk` FOREIGN KEY (`folderId`) REFERENCES `craft_assetfolders` (`id`) ON DELETE CASCADE,
	ADD CONSTRAINT `craft_assetfiles_id_fk` FOREIGN KEY (`id`) REFERENCES `craft_elements` (`id`) ON DELETE CASCADE,
	ADD CONSTRAINT `craft_assetfiles_sourceId_fk` FOREIGN KEY (`sourceId`) REFERENCES `craft_assetsources` (`id`) ON DELETE CASCADE;

--
-- Constraints for table `craft_assetfolders`
--
ALTER TABLE `craft_assetfolders`
	ADD CONSTRAINT `craft_assetfolders_parentId_fk` FOREIGN KEY (`parentId`) REFERENCES `craft_assetfolders` (`id`) ON DELETE CASCADE,
	ADD CONSTRAINT `craft_assetfolders_sourceId_fk` FOREIGN KEY (`sourceId`) REFERENCES `craft_assetsources` (`id`) ON DELETE CASCADE;

--
-- Constraints for table `craft_assetindexdata`
--
ALTER TABLE `craft_assetindexdata`
	ADD CONSTRAINT `craft_assetindexdata_sourceId_fk` FOREIGN KEY (`sourceId`) REFERENCES `craft_assetsources` (`id`) ON DELETE CASCADE;

--
-- Constraints for table `craft_content`
--
ALTER TABLE `craft_content`
	ADD CONSTRAINT `craft_content_elementId_fk` FOREIGN KEY (`elementId`) REFERENCES `craft_elements` (`id`) ON DELETE CASCADE,
	ADD CONSTRAINT `craft_content_locale_fk` FOREIGN KEY (`locale`) REFERENCES `craft_locales` (`locale`) ON DELETE CASCADE ON UPDATE CASCADE;

--
-- Constraints for table `craft_elements_i18n`
--
ALTER TABLE `craft_elements_i18n`
	ADD CONSTRAINT `craft_elements_i18n_elementId_fk` FOREIGN KEY (`elementId`) REFERENCES `craft_elements` (`id`) ON DELETE CASCADE,
	ADD CONSTRAINT `craft_elements_i18n_locale_fk` FOREIGN KEY (`locale`) REFERENCES `craft_locales` (`locale`) ON DELETE CASCADE ON UPDATE CASCADE;

--
-- Constraints for table `craft_entries`
--
ALTER TABLE `craft_entries`
	ADD CONSTRAINT `craft_entries_authorId_fk` FOREIGN KEY (`authorId`) REFERENCES `craft_users` (`id`) ON DELETE CASCADE,
	ADD CONSTRAINT `craft_entries_id_fk` FOREIGN KEY (`id`) REFERENCES `craft_elements` (`id`) ON DELETE CASCADE,
	ADD CONSTRAINT `craft_entries_sectionId_fk` FOREIGN KEY (`sectionId`) REFERENCES `craft_sections` (`id`) ON DELETE CASCADE;

--
-- Constraints for table `craft_entries_i18n`
--
ALTER TABLE `craft_entries_i18n`
	ADD CONSTRAINT `craft_entries_i18n_entryId_fk` FOREIGN KEY (`entryId`) REFERENCES `craft_entries` (`id`) ON DELETE CASCADE,
	ADD CONSTRAINT `craft_entries_i18n_locale_fk` FOREIGN KEY (`locale`) REFERENCES `craft_locales` (`locale`) ON DELETE CASCADE ON UPDATE CASCADE,
	ADD CONSTRAINT `craft_entries_i18n_sectionId_fk` FOREIGN KEY (`sectionId`) REFERENCES `craft_sections` (`id`) ON DELETE CASCADE;

--
-- Constraints for table `craft_entrydrafts`
--
ALTER TABLE `craft_entrydrafts`
	ADD CONSTRAINT `craft_entrydrafts_creatorId_fk` FOREIGN KEY (`creatorId`) REFERENCES `craft_users` (`id`),
	ADD CONSTRAINT `craft_entrydrafts_entryId_fk` FOREIGN KEY (`entryId`) REFERENCES `craft_entries` (`id`) ON DELETE CASCADE,
	ADD CONSTRAINT `craft_entrydrafts_locale_fk` FOREIGN KEY (`locale`) REFERENCES `craft_locales` (`locale`) ON DELETE CASCADE ON UPDATE CASCADE,
	ADD CONSTRAINT `craft_entrydrafts_sectionId_fk` FOREIGN KEY (`sectionId`) REFERENCES `craft_sections` (`id`) ON DELETE CASCADE;

--
-- Constraints for table `craft_entrytags_entries`
--
ALTER TABLE `craft_entrytags_entries`
	ADD CONSTRAINT `craft_entrytags_entries_entryId_fk` FOREIGN KEY (`entryId`) REFERENCES `craft_entries` (`id`) ON DELETE CASCADE,
	ADD CONSTRAINT `craft_entrytags_entries_tagId_fk` FOREIGN KEY (`tagId`) REFERENCES `craft_entrytags` (`id`) ON DELETE CASCADE;

--
-- Constraints for table `craft_entryversions`
--
ALTER TABLE `craft_entryversions`
	ADD CONSTRAINT `craft_entryversions_creatorId_fk` FOREIGN KEY (`creatorId`) REFERENCES `craft_users` (`id`),
	ADD CONSTRAINT `craft_entryversions_entryId_fk` FOREIGN KEY (`entryId`) REFERENCES `craft_entries` (`id`) ON DELETE CASCADE,
	ADD CONSTRAINT `craft_entryversions_locale_fk` FOREIGN KEY (`locale`) REFERENCES `craft_locales` (`locale`) ON DELETE CASCADE ON UPDATE CASCADE,
	ADD CONSTRAINT `craft_entryversions_sectionId_fk` FOREIGN KEY (`sectionId`) REFERENCES `craft_sections` (`id`) ON DELETE CASCADE;

--
-- Constraints for table `craft_fieldlayoutfields`
--
ALTER TABLE `craft_fieldlayoutfields`
	ADD CONSTRAINT `craft_fieldlayoutfields_fieldId_fk` FOREIGN KEY (`fieldId`) REFERENCES `craft_fields` (`id`) ON DELETE CASCADE,
	ADD CONSTRAINT `craft_fieldlayoutfields_layoutId_fk` FOREIGN KEY (`layoutId`) REFERENCES `craft_fieldlayouts` (`id`) ON DELETE CASCADE,
	ADD CONSTRAINT `craft_fieldlayoutfields_tabId_fk` FOREIGN KEY (`tabId`) REFERENCES `craft_fieldlayouttabs` (`id`) ON DELETE CASCADE;

--
-- Constraints for table `craft_fieldlayouttabs`
--
ALTER TABLE `craft_fieldlayouttabs`
	ADD CONSTRAINT `craft_fieldlayouttabs_layoutId_fk` FOREIGN KEY (`layoutId`) REFERENCES `craft_fieldlayouts` (`id`) ON DELETE CASCADE;

--
-- Constraints for table `craft_fields`
--
ALTER TABLE `craft_fields`
	ADD CONSTRAINT `craft_fields_groupId_fk` FOREIGN KEY (`groupId`) REFERENCES `craft_fieldgroups` (`id`) ON DELETE CASCADE;

--
-- Constraints for table `craft_globalsets`
--
ALTER TABLE `craft_globalsets`
	ADD CONSTRAINT `craft_globalsets_fieldLayoutId_fk` FOREIGN KEY (`fieldLayoutId`) REFERENCES `craft_fieldlayouts` (`id`) ON DELETE SET NULL,
	ADD CONSTRAINT `craft_globalsets_id_fk` FOREIGN KEY (`id`) REFERENCES `craft_elements` (`id`) ON DELETE CASCADE;

--
-- Constraints for table `craft_migrations`
--
ALTER TABLE `craft_migrations`
	ADD CONSTRAINT `craft_migrations_pluginId_fk` FOREIGN KEY (`pluginId`) REFERENCES `craft_plugins` (`id`) ON DELETE CASCADE;

--
-- Constraints for table `craft_relations`
--
ALTER TABLE `craft_relations`
	ADD CONSTRAINT `craft_relations_childId_fk` FOREIGN KEY (`childId`) REFERENCES `craft_elements` (`id`) ON DELETE CASCADE,
	ADD CONSTRAINT `craft_relations_fieldId_fk` FOREIGN KEY (`fieldId`) REFERENCES `craft_fields` (`id`) ON DELETE CASCADE,
	ADD CONSTRAINT `craft_relations_parentId_fk` FOREIGN KEY (`parentId`) REFERENCES `craft_elements` (`id`) ON DELETE CASCADE;

--
-- Constraints for table `craft_sections`
--
ALTER TABLE `craft_sections`
	ADD CONSTRAINT `craft_sections_fieldLayoutId_fk` FOREIGN KEY (`fieldLayoutId`) REFERENCES `craft_fieldlayouts` (`id`) ON DELETE SET NULL;

--
-- Constraints for table `craft_sections_i18n`
--
ALTER TABLE `craft_sections_i18n`
	ADD CONSTRAINT `craft_sections_i18n_locale_fk` FOREIGN KEY (`locale`) REFERENCES `craft_locales` (`locale`) ON DELETE CASCADE ON UPDATE CASCADE,
	ADD CONSTRAINT `craft_sections_i18n_sectionId_fk` FOREIGN KEY (`sectionId`) REFERENCES `craft_sections` (`id`) ON DELETE CASCADE;

--
-- Constraints for table `craft_sessions`
--
ALTER TABLE `craft_sessions`
	ADD CONSTRAINT `craft_sessions_userId_fk` FOREIGN KEY (`userId`) REFERENCES `craft_users` (`id`) ON DELETE CASCADE;

--
-- Constraints for table `craft_shunnedmessages`
--
ALTER TABLE `craft_shunnedmessages`
	ADD CONSTRAINT `craft_shunnedmessages_userId_fk` FOREIGN KEY (`userId`) REFERENCES `craft_users` (`id`) ON DELETE CASCADE;

--
-- Constraints for table `craft_usergroups_users`
--
ALTER TABLE `craft_usergroups_users`
	ADD CONSTRAINT `craft_usergroups_users_groupId_fk` FOREIGN KEY (`groupId`) REFERENCES `craft_usergroups` (`id`) ON DELETE CASCADE,
	ADD CONSTRAINT `craft_usergroups_users_userId_fk` FOREIGN KEY (`userId`) REFERENCES `craft_users` (`id`) ON DELETE CASCADE;

--
-- Constraints for table `craft_userpermissions_usergroups`
--
ALTER TABLE `craft_userpermissions_usergroups`
	ADD CONSTRAINT `craft_userpermissions_usergroups_groupId_fk` FOREIGN KEY (`groupId`) REFERENCES `craft_usergroups` (`id`) ON DELETE CASCADE,
	ADD CONSTRAINT `craft_userpermissions_usergroups_permissionId_fk` FOREIGN KEY (`permissionId`) REFERENCES `craft_userpermissions` (`id`) ON DELETE CASCADE;

--
-- Constraints for table `craft_userpermissions_users`
--
ALTER TABLE `craft_userpermissions_users`
	ADD CONSTRAINT `craft_userpermissions_users_permissionId_fk` FOREIGN KEY (`permissionId`) REFERENCES `craft_userpermissions` (`id`) ON DELETE CASCADE,
	ADD CONSTRAINT `craft_userpermissions_users_userId_fk` FOREIGN KEY (`userId`) REFERENCES `craft_users` (`id`) ON DELETE CASCADE;

--
-- Constraints for table `craft_users`
--
ALTER TABLE `craft_users`
	ADD CONSTRAINT `craft_users_id_fk` FOREIGN KEY (`id`) REFERENCES `craft_elements` (`id`) ON DELETE CASCADE,
	ADD CONSTRAINT `craft_users_preferredLocale_fk` FOREIGN KEY (`preferredLocale`) REFERENCES `craft_locales` (`locale`) ON DELETE SET NULL ON UPDATE CASCADE;

--
-- Constraints for table `craft_widgets`
--
ALTER TABLE `craft_widgets`
	ADD CONSTRAINT `craft_widgets_userId_fk` FOREIGN KEY (`userId`) REFERENCES `craft_users` (`id`) ON DELETE CASCADE;

SET FOREIGN_KEY_CHECKS = 1;
COMMIT;

/*!40101 SET CHARACTER_SET_CLIENT=@OLD_CHARACTER_SET_CLIENT */;
/*!40101 SET CHARACTER_SET_RESULTS=@OLD_CHARACTER_SET_RESULTS */;
/*!40101 SET COLLATION_CONNECTION=@OLD_COLLATION_CONNECTION */;
