-- Generated by Craft v1.1.2304 on Aug 29, 2013 4:55:24 PM.

--
-- Disable foreign key checks and autocommit and start a transaction.
--

SET FOREIGN_KEY_CHECKS = 0;
SET SQL_MODE = "NO_AUTO_VALUE_ON_ZERO";
SET AUTOCOMMIT = 0;
SET NAMES utf8;
START TRANSACTION;

/*!40101 SET @OLD_CHARACTER_SET_CLIENT=@@CHARACTER_SET_CLIENT */;
/*!40101 SET @OLD_CHARACTER_SET_RESULTS=@@CHARACTER_SET_RESULTS */;
/*!40101 SET @OLD_COLLATION_CONNECTION=@@COLLATION_CONNECTION */;
/*!40101 SET NAMES utf8 */;

--
-- Schema for table `craft_assetfiles`
--

DROP TABLE IF EXISTS `craft_assetfiles`;

CREATE TABLE `craft_assetfiles` (
  `id` int(11) NOT NULL,
  `sourceId` int(11) NOT NULL,
  `folderId` int(11) NOT NULL,
  `filename` varchar(255) COLLATE utf8_unicode_ci NOT NULL,
  `kind` char(10) COLLATE utf8_unicode_ci DEFAULT NULL,
  `width` smallint(6) unsigned DEFAULT NULL,
  `height` smallint(6) unsigned DEFAULT NULL,
  `size` int(11) unsigned DEFAULT NULL,
  `dateModified` datetime DEFAULT NULL,
  `dateCreated` datetime NOT NULL,
  `dateUpdated` datetime NOT NULL,
  `uid` char(36) COLLATE utf8_unicode_ci NOT NULL DEFAULT '0',
  PRIMARY KEY (`id`),
  UNIQUE KEY `craft_assetfiles_filename_folderId_unq_idx` (`filename`,`folderId`),
  KEY `craft_assetfiles_sourceId_fk` (`sourceId`),
  KEY `craft_assetfiles_folderId_fk` (`folderId`)
) ENGINE=InnoDB DEFAULT CHARSET=utf8 COLLATE=utf8_unicode_ci;

--
-- Data for table `craft_assetfiles`
--

BEGIN;
INSERT INTO `craft_assetfiles` (`id`, `sourceId`, `folderId`, `filename`, `kind`, `width`, `height`, `size`, `dateModified`, `dateCreated`, `dateUpdated`, `uid`) VALUES
 ('12', '1', '1', 'IMG_1854.jpg', 'image', '1500', '2000', '764396', '2013-08-02 01:28:03', '2013-08-02 01:28:05', '2013-08-02 01:28:05', '6e04e381-c208-4f66-acbb-22937a24b70c'),
 ('16', '1', '1', 'Wondolowski.jpg', 'image', '1200', '798', '837304', '2013-08-24 18:33:59', '2013-08-24 18:34:01', '2013-08-24 18:34:01', '7fca9bc4-86b7-43d7-9454-c353624d3694'),
 ('17', '1', '1', 'Zusi_USMNT.jpg', 'image', '628', '418', '53657', '2013-08-24 18:35:21', '2013-08-24 18:35:22', '2013-08-24 18:35:22', 'fb55a005-2cc1-46f2-89c9-fe679df5adb1'),
 ('18', '1', '1', 'USMNT-photo.jpg', 'image', '1200', '800', '1349805', '2013-08-24 19:57:32', '2013-08-24 19:57:34', '2013-08-24 19:57:34', 'ea6d77c3-e312-421d-974c-c1078784be63'),
 ('19', '1', '1', 'LandonDonovanGoldCup3-ISIPhotos.jpg', 'image', '1200', '864', '184378', '2013-08-24 21:56:25', '2013-08-24 21:56:26', '2013-08-24 21:56:26', '4e084436-43bb-49d7-964a-c72022f3710c');
COMMIT;


--
-- Schema for table `craft_assetfolders`
--

DROP TABLE IF EXISTS `craft_assetfolders`;

CREATE TABLE `craft_assetfolders` (
  `id` int(11) NOT NULL AUTO_INCREMENT,
  `parentId` int(11) DEFAULT NULL,
  `sourceId` int(11) NOT NULL,
  `name` varchar(255) COLLATE utf8_unicode_ci NOT NULL,
  `fullPath` varchar(255) COLLATE utf8_unicode_ci DEFAULT NULL,
  `dateCreated` datetime NOT NULL,
  `dateUpdated` datetime NOT NULL,
  `uid` char(36) COLLATE utf8_unicode_ci NOT NULL DEFAULT '0',
  PRIMARY KEY (`id`),
  UNIQUE KEY `craft_assetfolders_name_parentId_sourceId_unq_idx` (`name`,`parentId`,`sourceId`),
  KEY `craft_assetfolders_parentId_fk` (`parentId`),
  KEY `craft_assetfolders_sourceId_fk` (`sourceId`)
) ENGINE=InnoDB AUTO_INCREMENT=2 DEFAULT CHARSET=utf8 COLLATE=utf8_unicode_ci;

--
-- Data for table `craft_assetfolders`
--

BEGIN;
INSERT INTO `craft_assetfolders` (`id`, `parentId`, `sourceId`, `name`, `fullPath`, `dateCreated`, `dateUpdated`, `uid`) VALUES
 ('1', NULL, '1', 'Images', '', '2013-07-31 18:01:10', '2013-07-31 18:01:10', 'b8161a3b-8c84-436c-9ced-4fec6c2dee0f');
COMMIT;


--
-- Schema for table `craft_assetindexdata`
--

DROP TABLE IF EXISTS `craft_assetindexdata`;

CREATE TABLE `craft_assetindexdata` (
  `id` int(11) NOT NULL AUTO_INCREMENT,
  `sessionId` varchar(36) COLLATE utf8_unicode_ci NOT NULL DEFAULT '',
  `sourceId` int(10) NOT NULL,
  `offset` int(10) NOT NULL,
  `uri` varchar(255) COLLATE utf8_unicode_ci DEFAULT NULL,
  `size` int(10) DEFAULT NULL,
  `recordId` int(10) DEFAULT NULL,
  `dateCreated` datetime NOT NULL,
  `dateUpdated` datetime NOT NULL,
  `uid` char(36) COLLATE utf8_unicode_ci NOT NULL DEFAULT '0',
  PRIMARY KEY (`id`),
  UNIQUE KEY `craft_assetindexdata_sessionId_sourceId_offset_unq_idx` (`sessionId`,`sourceId`,`offset`),
  KEY `craft_assetindexdata_sourceId_fk` (`sourceId`)
) ENGINE=InnoDB DEFAULT CHARSET=utf8 COLLATE=utf8_unicode_ci;

--
-- Schema for table `craft_assetsources`
--

DROP TABLE IF EXISTS `craft_assetsources`;

CREATE TABLE `craft_assetsources` (
  `id` int(11) NOT NULL AUTO_INCREMENT,
  `name` varchar(100) COLLATE utf8_unicode_ci NOT NULL,
  `type` char(150) COLLATE utf8_unicode_ci NOT NULL,
  `settings` text COLLATE utf8_unicode_ci,
  `sortOrder` tinyint(4) DEFAULT NULL,
  `dateCreated` datetime NOT NULL,
  `dateUpdated` datetime NOT NULL,
  `uid` char(36) COLLATE utf8_unicode_ci NOT NULL DEFAULT '0',
  PRIMARY KEY (`id`),
  UNIQUE KEY `craft_assetsources_name_unq_idx` (`name`)
) ENGINE=InnoDB AUTO_INCREMENT=2 DEFAULT CHARSET=utf8 COLLATE=utf8_unicode_ci;

--
-- Data for table `craft_assetsources`
--

BEGIN;
INSERT INTO `craft_assetsources` (`id`, `name`, `type`, `settings`, `sortOrder`, `dateCreated`, `dateUpdated`, `uid`) VALUES
 ('1', 'Images', 'Local', '{\"path\":\".\\/images\\/\",\"url\":\"\\/images\\/\"}', '1', '2013-07-31 18:01:10', '2013-08-02 01:38:00', 'bfc69418-4f76-495b-aea2-247ec2aaf063');
COMMIT;


--
-- Schema for table `craft_assettransformindex`
--

DROP TABLE IF EXISTS `craft_assettransformindex`;

CREATE TABLE `craft_assettransformindex` (
  `id` int(11) NOT NULL AUTO_INCREMENT,
  `fileId` int(11) NOT NULL,
  `location` varchar(255) COLLATE utf8_unicode_ci NOT NULL,
  `sourceId` int(11) NOT NULL,
  `fileExists` tinyint(1) DEFAULT NULL,
  `inProgress` tinyint(1) DEFAULT NULL,
  `dateIndexed` datetime DEFAULT NULL,
  `dateCreated` datetime NOT NULL,
  `dateUpdated` datetime NOT NULL,
  `uid` char(36) COLLATE utf8_unicode_ci NOT NULL DEFAULT '0',
  PRIMARY KEY (`id`),
  KEY `craft_assettransformindex_sourceId_fileId_location_idx` (`sourceId`,`fileId`,`location`)
) ENGINE=InnoDB DEFAULT CHARSET=utf8 COLLATE=utf8_unicode_ci;

--
-- Schema for table `craft_assettransforms`
--

DROP TABLE IF EXISTS `craft_assettransforms`;

CREATE TABLE `craft_assettransforms` (
  `id` int(11) NOT NULL AUTO_INCREMENT,
  `name` varchar(255) COLLATE utf8_unicode_ci NOT NULL,
  `handle` char(255) COLLATE utf8_unicode_ci NOT NULL,
  `mode` enum('stretch','fit','crop') COLLATE utf8_unicode_ci NOT NULL DEFAULT 'crop',
  `position` enum('top-left','top-center','top-right','center-left','center-center','center-right','bottom-left','bottom-center','bottom-right') COLLATE utf8_unicode_ci NOT NULL DEFAULT 'center-center',
  `height` int(10) DEFAULT NULL,
  `width` int(10) DEFAULT NULL,
  `dimensionChangeTime` datetime DEFAULT NULL,
  `dateCreated` datetime NOT NULL,
  `dateUpdated` datetime NOT NULL,
  `uid` char(36) COLLATE utf8_unicode_ci NOT NULL DEFAULT '0',
  PRIMARY KEY (`id`),
  UNIQUE KEY `craft_assettransforms_name_unq_idx` (`name`),
  UNIQUE KEY `craft_assettransforms_handle_unq_idx` (`handle`)
) ENGINE=InnoDB AUTO_INCREMENT=3 DEFAULT CHARSET=utf8 COLLATE=utf8_unicode_ci;

--
-- Data for table `craft_assettransforms`
--

BEGIN;
INSERT INTO `craft_assettransforms` (`id`, `name`, `handle`, `mode`, `position`, `height`, `width`, `dimensionChangeTime`, `dateCreated`, `dateUpdated`, `uid`) VALUES
 ('1', 'Large Wide', 'largeWide', 'crop', 'center-center', '500', '950', '2013-08-02 01:51:39', '2013-08-02 01:51:39', '2013-08-02 01:51:39', 'c09358f2-a7cc-4780-bcdf-8af52df4803a'),
 ('2', 'Thumbnail Square', 'thumbnailSquare', 'crop', 'center-center', '200', '200', '2013-08-02 01:53:14', '2013-08-02 01:53:14', '2013-08-02 01:53:14', '2526be61-6d71-4f8f-b524-2808114d8571');
COMMIT;


--
-- Schema for table `craft_content`
--

DROP TABLE IF EXISTS `craft_content`;

CREATE TABLE `craft_content` (
  `id` int(11) NOT NULL AUTO_INCREMENT,
  `elementId` int(11) NOT NULL,
  `locale` char(12) COLLATE utf8_unicode_ci NOT NULL,
  `title` varchar(255) COLLATE utf8_unicode_ci DEFAULT NULL,
  `heading` varchar(255) COLLATE utf8_unicode_ci DEFAULT NULL,
  `body` text COLLATE utf8_unicode_ci,
  `team_bio` text COLLATE utf8_unicode_ci,
  `team_ranking` tinyint(3) unsigned DEFAULT NULL,
  `player_position` text COLLATE utf8_unicode_ci,
  `player_clubs` text COLLATE utf8_unicode_ci,
  `ranking` text COLLATE utf8_unicode_ci,
  `twitter` varchar(255) COLLATE utf8_unicode_ci DEFAULT NULL,
  `facebook` varchar(255) COLLATE utf8_unicode_ci DEFAULT NULL,
  `ranking_intro` text COLLATE utf8_unicode_ci,
  `purpose` text COLLATE utf8_unicode_ci,
  `email` varchar(255) COLLATE utf8_unicode_ci DEFAULT NULL,
  `writers` text COLLATE utf8_unicode_ci,
  `coach` text COLLATE utf8_unicode_ci,
  `dateCreated` datetime NOT NULL,
  `dateUpdated` datetime NOT NULL,
  `uid` char(36) COLLATE utf8_unicode_ci NOT NULL DEFAULT '0',
  PRIMARY KEY (`id`),
  UNIQUE KEY `craft_content_elementId_locale_unq_idx` (`elementId`,`locale`),
  KEY `craft_content_locale_fk` (`locale`),
  KEY `craft_content_title_idx` (`title`)
) ENGINE=InnoDB AUTO_INCREMENT=23 DEFAULT CHARSET=utf8 COLLATE=utf8_unicode_ci;

--
-- Data for table `craft_content`
--

BEGIN;
INSERT INTO `craft_content` (`id`, `elementId`, `locale`, `title`, `heading`, `body`, `team_bio`, `team_ranking`, `player_position`, `player_clubs`, `ranking`, `twitter`, `facebook`, `ranking_intro`, `purpose`, `email`, `writers`, `coach`, `dateCreated`, `dateUpdated`, `uid`) VALUES
 ('1', '2', 'en_us', NULL, 'Welcome to Kickrepublic.com!', '<p>\r\n	  It’s true, this site doesn’t have a whole lot of content yet, but don’t worry. Our web developers have just installed the CMS, and they’re setting things up for the content editors this very moment. Soon Kickrepublic.com will be an oasis of fresh perspectives, sharp analyses, and astute opinions that will keep you coming back again and again.\r\n</p>', NULL, NULL, NULL, NULL, NULL, 'KickRepublic', '', NULL, NULL, 'info@kickrepublic.com', NULL, NULL, '2013-07-16 01:38:29', '2013-08-24 22:00:42', 'f2c221e1-1646-4723-87a1-6af5539a1238'),
 ('4', '7', 'en_us', 'Landon Donovan', NULL, '<p>\r\n	 Lorem ipsum dolor sit amet, consectetur adipisicing elit, sed do eiusmod tempor incididunt ut labore et dolore magna aliqua. Ut enim ad minim veniam, quis nostrud exercitation ullamco laboris nisi ut aliquip ex ea commodo consequat. Duis aute irure dolor in reprehenderit in voluptate velit esse cillum dolore eu fugiat nulla pariatur. Excepteur sint occaecat cupidatat non proident, sunt in culpa qui officia deserunt mollit anim id est laborum.\r\n</p>', NULL, NULL, '[\"Forward\"]', '[{\"col1\":\"LA Galaxy\"}]', NULL, NULL, NULL, NULL, NULL, NULL, NULL, NULL, '2013-07-17 14:12:05', '2013-08-02 00:46:09', '8dbdd50b-d5dd-4013-9d8a-6e06550863e2'),
 ('5', '8', 'en_us', NULL, NULL, NULL, NULL, NULL, NULL, NULL, '[{\"col1\":\"Spain\",\"col2\":\"Despite a 3-0 drubbing against Brazil in the 2013 Confederations Cup final, Spain is still the world\'s top team. \\r\\nConsecutive European Championships (Euro 2008 and Euro 2012) + World Cup (2010) = #1 \\r\\n\\r\\nBy the time the World heads to Brazil next summer El Rojo will be among the top teams to beat.\"},{\"col1\":\"Argentina\",\"col2\":\"Vegas has the Argentinians a 5-1 shot to win it all next year. \"},{\"col1\":\"Brazil\",\"col2\":\"FIFA has Sele\\u00e7\\u00e3o #13. KR says remove the 1 and keep the 3.\"},{\"col1\":\"Germany\",\"col2\":\"The Germans are clicking on 8 cylinders right now despite embarrassing friendly loss to Americans earlier this summer.\"},{\"col1\":\"Colombia\",\"col2\":\"Talent is there but discipline is, as usual, lacking.\"},{\"col1\":\"Netherlands\",\"col2\":\"A potent but aging attack has the Dutch in need of developing younger support players.\"},{\"col1\":\"Italy\",\"col2\":\"Recent losses to Spain & Brazil leave Azzuri in regrouping mode.\"},{\"col1\":\"Portugal\",\"col2\":\"Mixed results this summer for Ronaldo & entourage \"},{\"col1\":\"Belgium\",\"col2\":\"Smack Americans in May then take rest of the summer off.\"},{\"col1\":\"Uruguay \",\"col2\":\"Skills and experience to make another deep run at the Cup.\"},{\"col1\":\"Greece\",\"col2\":\"\"},{\"col1\":\"C\\u00f4te d\'Ivoire\",\"col2\":\"\"},{\"col1\":\"United States\",\"col2\":\"11 in a row! Has any American team looked so potent? The U.S. has had a sparkling summer 2013 and hopes to keep the momentum rolling. Victories over Germany, Mexico and Italy in the past year has this team confident. Best U.S. squad ever? \"},{\"col1\":\"Bosnia-Herzegovina\",\"col2\":\"\"},{\"col1\":\" England\",\"col2\":\"\"},{\"col1\":\" Switzerland\",\"col2\":\"\"},{\"col1\":\"Russia\",\"col2\":\"\"},{\"col1\":\"Ecuador\",\"col2\":\"\"},{\"col1\":\"Peru\",\"col2\":\"\"},{\"col1\":\"Mexico\",\"col2\":\"\"},{\"col1\":\"Chile\",\"col2\":\"\"},{\"col1\":\"France\",\"col2\":\"\"},{\"col1\":\"Ghana\",\"col2\":\"\"},{\"col1\":\"Norway\",\"col2\":\"\"}]', NULL, NULL, '<p>\r\n	     September 2013 Power Rankings.\r\n</p>\r\n<ul>\r\n</ul>', NULL, NULL, NULL, NULL, '2013-07-17 14:17:04', '2013-08-01 01:11:19', '3479649f-acd5-402d-be35-b6932dcbdba9'),
 ('6', '5', 'en_us', NULL, NULL, NULL, '<p>\r\n	    Lorem ipsum dolor sit amet, consectetur adipisicing elit, sed do eiusmod tempor incididunt ut labore et dolore magna aliqua. Ut enim ad minim veniam, quis nostrud exercitation ullamco laboris nisi ut aliquip ex ea commodo consequat. Duis aute irure dolor in reprehenderit in voluptate velit esse cillum dolore eu fugiat nulla pariatur. Excepteur sint occaecat cupidatat non proident, sunt in culpa qui officia deserunt mollit anim id est laborum.\r\n</p>', '8', NULL, NULL, NULL, NULL, NULL, NULL, NULL, NULL, NULL, '[{\"col1\":\"Jurgen Klinsmann\",\"col2\":\"Lorem ipsum dolor sit amet, consectetur adipisicing elit, sed do eiusmod tempor incididunt ut labore et dolore magna aliqua.\"}]', '2013-07-18 02:04:58', '2013-08-24 19:57:41', '8e95b17b-6d6f-4bb7-bb74-9ec8c05276f8'),
 ('7', '10', 'en_us', 'Stuart Holden', NULL, '<p>\r\n	  Lorem ipsum dolor sit amet, consectetur adipisicing elit, sed do eiusmod tempor incididunt ut labore et dolore magna aliqua. Ut enim ad minim veniam, quis nostrud exercitation ullamco laboris nisi ut aliquip ex ea commodo consequat. Duis aute irure dolor in reprehenderit in voluptate velit esse cillum dolore eu fugiat nulla pariatur. Excepteur sint occaecat cupidatat non proident, sunt in culpa qui officia deserunt mollit anim id est laborum.\r\n</p>', NULL, NULL, '[\"Midfield\"]', '[{\"col1\":\"Bolton Wanderers\"}]', NULL, NULL, NULL, NULL, NULL, NULL, NULL, NULL, '2013-07-19 01:09:24', '2013-08-02 00:46:09', 'ccf5cc4d-590a-403b-ab7d-554e67ae96c9'),
 ('8', '9', 'en_us', NULL, NULL, NULL, NULL, NULL, NULL, NULL, NULL, NULL, NULL, NULL, '<p>\r\n	  Kick Republic is dedicated to covering the United States Men\'s National Team, its players at home and abroad, and all things concerning the continued growth of American soccer.\r\n</p>', NULL, '[{\"col1\":\"Tim Gray\",\"col2\":\"Tim is an award-winning writer and journalist with over a decade of experience reporting for some of the world\\u2019s most respected publications. His work has appeared in The Economist, The New York Times, New York magazine, MSNBC, CBS Interactive, Gannet Newspapers and on CNN, among many others.\\r\\n\\r\\nHis passion for the World\'s game and its continued emergence in the United States led him to create Kick Republic, in the hopes of sharing thoughts, ideas and dreams with the growing soccer (football!) community in America.\\r\\n\\r\\nContact\\r\\n\\r\\n\"}]', NULL, '2013-07-19 02:09:06', '2013-08-01 00:10:37', '1de53a20-ac51-4f55-9e4f-7f2dacc9bbc0'),
 ('9', '11', 'en_us', 'Altidore Back in the Big Leagues Means ', NULL, '<p>\r\n	 <em>\"It was a sumptuous volley.\" - Ian Dark.</em>\r\n</p>\r\n<p>\r\n	 Such superlatives from Sir Ian. And why not? It\'s a safe bet Jozy Altidore has been on the receiving end of this type of praise more than ever in the past year. After scoring a career-high 31 goals in the 2012-2013 season for lightly regarded (and funded) Dutch side AZ Alkmaar, the American international [date] is now flashing the red-and-white stripes of Sunderland AFC in a return trip to the Big League.\r\n</p>\r\n<p>\r\n	And he already doubled his goals\r\n</p>\r\n<p>\r\n	his first game back in the Premier League since ...\r\n</p>\r\n<p>\r\n	 The 6’1 striker has defintly come a long way since X when one former coach that he \"had no idea what he was doing\" on the pitch and \"didn\'t understand tactics at all.\"\r\n</p>\r\n<p>\r\n	 got l first taste of the World’s Top League, and he is obviously eager to dispel the notion put forward by one former coach that  he \"had no idea what he was doing\" on the pitch and \"didn\'t understand tactics at all.\"\r\n</p>\r\n<p>\r\n	    \"I have come a long way since then,\" said Altidore last month, referring to his disappointing stint with Hull City in the 2009-10 season while on loan from Spanish club Villarreal. \"I am almost a different player and I have learned a lot.”\r\n</p>\r\n<p>\r\n	<strong>The Numbers Back Him Up </strong>\r\n</p>\r\n<p>\r\n	    Consider this:\r\n</p>\r\n<ul>\r\n	<li>He set a record for Americans abroad with 31 goals in all competitions (passing American and now fellow Prem leaguer Clint Dempsey).</li>\r\n	<li>Helped AZ win the Dutch Cup.</li>\r\n	<li>Ended a woeful scoring drought with USMNT with goals in four straight games, including this “sumptuous volley” against Germany (below).</li>\r\n</ul>\r\n<iframe width=\"560\" height=\"315\" src=\"//www.youtube.com/embed/S7yn7LSufUE\" frameborder=\"0\" allowfullscreen=\"\">\r\n</iframe>\r\n<p>\r\n	   And the Black Cats will be counting on the strapping striker to provide some much needed finishing touches up front after a poor campaign (last in goals) that ended up as a relegation fight with Wigan and blank…\r\n</p>\r\n<p>\r\n	   \"Altidore is one of the top strikers in Europe,” the side’s Italian boss told the club\'s official website. “I\'m very happy, curious and excited because I have a very good attacking side at the moment. I\'m really pleased because a new arrival can benefit the squad and also individuals because there is competition up front.\"\r\n</p>\r\n<p>\r\n	   Combine that with the <a href=\"http://www1.skysports.com/football/news/11695/8819130/transfer-news-juventus-to-sell-sunderland-target-emanuele-giaccherini\">acquisition of Juventus playmaker</a> Emanuele Giaccherini (make sure) and Altidore can expect some premiere service and creativity.\r\n</p>\r\n<p>\r\n	 <strong>So What Does This Means for the USMNT?</strong>\r\n</p>\r\n<p>\r\n	   It seems the sporting press, as usual, is hunting in packs on this one as the same three or four questions continue to arise to soccer’s’ bloggeratie (yes, I said it and its now mine!)\r\n</p>\r\n<p>\r\n	   Google them and you’ll see 50 articles saying the same things on each topic, trust me.\r\n</p>\r\n<p>\r\n	   Let’s address the ‘conventional wisdom’ of each, and tell you why the regurgitaters are wrong in their thinking once again.\r\n</p>\r\n<ul>\r\n	<li>Sunderland doesn’t play the style of soccer that is beneficial to Altidore’s strengths.</li>\r\n	<li>striving for so long to find his groove at a European club and to break through with the U.S., why not stay at AZ and carry that momentum into the World Cup</li>\r\n</ul>\r\n<p>\r\n	   At Sunderland, Altidore will work with manager Paolo Di Canio, who will employ a traditional 4-4-2 formation at the Stadium of Light this coming season. The system should work to the United States international’s advantage, as he will be able to work off a more solitary center-forward such as Steven Fletcher while benefiting from the supply of wingers Sebastian Larsson and Stephane Sessegnon.\r\n</p>\r\n<p>\r\n	   Breakout year for the national team as well.\r\n</p>\r\n<p>\r\n	   Some background about Gold Cup, Qualifying, Friendlies against german and his 4 goals in 4 games.\r\n</p>\r\n<p>\r\n	   Then bam….\r\n</p>\r\n<p>\r\n	   He easily could have elected to remain in the Netherlands next season, basking in the scorer\'s spotlight while posting the sort of numbers that would cement a significant role at the 2014 World Cup. But elite athletes aren\'t wired to play it safe. So now Altidore, 23, is back in England, where on Tuesday he signed a four-year contract with Sunderland following a reported $13 million transfer.\r\n</p>\r\n<p>\r\n	   I’ve heard it been argued by some in the sporting press that He may have earned this chance, but after striving for so long to find his groove at a European club and to break through with the U.S., why not stay at AZ and carry that momentum into the World Cup?\r\n</p>\r\n<p>\r\n	   Really, is that the way to improve? Isn’t trying to drop in goals against the class of Manchester United, Manchester City, and Chelsea how you get better? Skill vs skill.\r\n</p>\r\n<p>\r\n	   Would Alex Rodriquez be better off playing against inferior pitching all year and then trying to step in against Mark Vreelander ‘s heat after hitting (name) all year?\r\n</p>\r\n<p>\r\n	   While )not me - Coach Paolo di Canio\'s Sunderland side won\'t be looking to possess the ball and build through the midfield like Verbeek\'s AZ, meaning the rhythm and regularity of Altidore\'s service will change. He\'ll have to adapt.\r\n</p>\r\n<p>\r\n	   You get better by playing better competition. Period. And nobody was any happier than  Jurgen Klinnsman when Altidore  signed a four-year deal to leave the Dutch league for Sunderland in northeast England.\r\n</p>\r\n<p>\r\n	   Weakness is turning into a strength\r\n</p>\r\n<p>\r\n	   What was once considered at weakspot at best, upfront on the national team is turning into one of the American Men’s strench. In fact, no coachin U.S. history has had as many psotive choices as Klinsman will have leading up to Brazil 2014.\r\n</p>\r\n<p>\r\n	   Find cool chart info upfront\r\n</p>\r\n<p>\r\n	    it means for the USMNT\r\n</p>\r\n<p>\r\n	   It wasn’t always the case\r\n</p>\r\n<p>\r\n	   In a career that was hyped early with tons of promise, until last season Altidore had not lived up to the hype for either his clubs or the United States National Team. After stints the New York Red Bulls, Spanish team Xerez and Turkish club Bursaspo, 2012 was a breakout year for the striker.\r\n</p>\r\n<p>\r\n	   In fact, Instead of bringing out the best in Altidore\'s athletic arsenal, however, the EPL exposed his lack of development.\r\n</p>', NULL, NULL, NULL, NULL, NULL, NULL, NULL, NULL, NULL, NULL, NULL, NULL, '2013-07-31 17:46:28', '2013-08-02 21:42:04', '43cee1cb-54f5-4c3a-aa14-3ed6ad6afac5'),
 ('15', '12', 'en_us', 'IMG 1854', NULL, NULL, NULL, NULL, NULL, NULL, NULL, NULL, NULL, NULL, NULL, NULL, NULL, NULL, '2013-08-02 01:28:05', '2013-08-02 01:28:05', 'a7b3b104-de61-4f50-a0d8-950bcbe5ddba'),
 ('16', '13', 'en_us', 'Best Goals of the 2013 Gold Cup ', NULL, '<p>\r\n	              An impressive amount of talent was on display at the CONCACAF Gold Cup this summer and despite relatively low goal totals, some incredible shots were taken and made. (Our apologies to those who would suggest we are xenophobes at Kick Republic. The reason for so many Americans on the list is the USMNT scored the most goals by far (20 vs. X for X).\r\n</p>\r\n<p>\r\n	              Here are our top four. Let us know if we missed any @kickrepubli\r\n</p>\r\n<p>\r\n	 <strong>The Domolition Man, AKA, Eddie Johnson for the United States against El Salvador</strong>\r\n</p>\r\n<p>\r\n	       I’m sure somewhere, in some prison Wesley Snipes is griping \"you stole my moves -and look!.\"\r\n</p>\r\n<iframe width=\"560\" height=\"315\" src=\"//www.youtube.com/embed/uoafq4_Db8E\" frameborder=\"0\" allowfullscreen=\"\">\r\n</iframe>\r\n<p>\r\n	 <strong>Luis Montes is ahead of the game for Mexico against Panama</strong>\r\n</p>\r\n<p>\r\n	              I’m not sure what the announcer is saying, but I imagine it went something like this: Marco Fabian sends it across the box, and oh my! Luis Montes, the little guy! Heads it into the back of the net!\r\n</p>\r\n<iframe width=\"420\" height=\"315\" src=\"//www.youtube.com/embed/Pl9N4g0pfzE\" frameborder=\"0\" allowfullscreen=\"\">\r\n</iframe>\r\n<p>\r\n	<strong>Landon Donovan for the United States against Honduras</strong>\r\n</p>\r\n<p>\r\n	       The usual class touch and finish from arguably America’s best ever player. BTW, how about a little more juice in the call fellows? I thought I was listening to Jim Nance call the 14th hole on day one. And Coby, please work on that monotone color commentating. It’s atrocious.\r\n</p>\r\n<iframe width=\"560\" height=\"315\" src=\"//www.youtube.com/embed/VovT3pNArrc\" frameborder=\"0\" allowfullscreen=\"\">\r\n</iframe>\r\n<p>\r\n	 <strong>Chris Wondolowski for the United States against Cuba</strong>\r\n</p>\r\n<p>\r\n	     Wondo started the tournament scorching hot but was ridding the pine the last few games. Still, a deft touch of a pretty pass from Beckerman = sweet goal!\r\n</p>\r\n<iframe width=\"560\" height=\"315\" src=\"//www.youtube.com/embed/Etxw1ag8wUM\" frameborder=\"0\" allowfullscreen=\"\">\r\n</iframe>\r\n<p>\r\n	    Now we are left wanting more. How many more days until Brazil?\r\n</p>', NULL, NULL, NULL, NULL, NULL, NULL, NULL, NULL, NULL, NULL, NULL, NULL, '2013-08-03 18:35:35', '2013-08-24 21:56:32', '5e490d7d-3216-4612-a877-be52763619ed'),
 ('17', '14', 'en_us', 'Dempsey Back to MLS?', NULL, '<p>\r\n	 Intormation to come\r\n</p>', NULL, NULL, NULL, NULL, NULL, NULL, NULL, NULL, NULL, NULL, NULL, NULL, '2013-08-05 17:53:19', '2013-08-24 18:35:27', '9da2604d-248a-4f04-8b2f-e88204bd9814'),
 ('18', '15', 'en_us', '​We’re Number 19! U.S. Cracks Top 20 in FIFA Rankings', NULL, '<p>\r\n	So maybe it doesn’t have the same ring as “We’re Number One” but climbing back into the top 20 FIFA rankings feels pretty good for American soccer fans, especially considering obnoxious regional rival Mexico dropped a spot behind the USMNT.\r\n</p>\r\n<p>\r\n	 In recent years much ink has been spilt (see the Kick Republic Rankings here) regarding the arbitrary nature of these rankings and the relatively meaninglessness effect they have around the world. However,\r\n</p>\r\n<p>\r\n	 However, this year FIFA will be using the standings as a factor when it awards the seedings in the World Cup draw, which will be held in Brazil in December.\r\n</p>\r\n<p>\r\n	 And any NCAA basketball fan will tell you a middling team (sorry USA) can go a long way with the right draw! I mean really, VCU?\r\n</p>\r\n<p>\r\n	 Back to the World’s greatest game\r\n</p>\r\n<p>\r\n	 After a run of 11 straight victories, including winning the Concacaf Gold Cup championship, United States men’s national team deserves its new position.\r\n</p>\r\n<p>\r\n	 “It’s a sign of consistency. It’s a sign that the guys are willing to take things seriously and become 24/7 professionals. It’s a sign that they want to go to Brazil in 2014 and be a part of that,” said United States Coach Jurgen Klinsmann. “And it’s a re of a lot of hard work we’ve put in there since two years.”\r\n</p>\r\n<p>\r\n	 1 Spain<br>\r\n	 2 Germany<br>\r\n	 3 Colombia<br>\r\n	 4 Argentina<br>\r\n	 5 Netherlands<br>\r\n	 6 Italy<br>\r\n	 7 Portugal<br>\r\n	 8 Croatia<br>\r\n	 9 Brazil<br>\r\n	 10 Belgium<br>\r\n	 11 Greece<br>\r\n	 12 Uruguay<br>\r\n	 13 Bosnia-Herzegovina<br>\r\n	 14 England<br>\r\n	 15 Switzerland<br>\r\n	 16 Russia<br>\r\n	 17 Ecuador<br>\r\n	 18 Côte d\'Ivoire<br>\r\n	 19 USA<br>\r\n	 20 Mexico\r\n</p>', NULL, NULL, NULL, NULL, NULL, NULL, NULL, NULL, NULL, NULL, NULL, NULL, '2013-08-09 13:44:50', '2013-08-24 18:34:06', '5fd401ff-59a1-4390-ae3a-3759ad289a38'),
 ('19', '16', 'en_us', 'Wondolowski', NULL, NULL, NULL, NULL, NULL, NULL, NULL, NULL, NULL, NULL, NULL, NULL, NULL, NULL, '2013-08-24 18:34:01', '2013-08-24 18:34:01', 'ec4f2476-26e1-4ee1-941b-03b238cd5f73'),
 ('20', '17', 'en_us', 'Zusi USMNT', NULL, NULL, NULL, NULL, NULL, NULL, NULL, NULL, NULL, NULL, NULL, NULL, NULL, NULL, '2013-08-24 18:35:22', '2013-08-24 18:35:22', '113b1da7-5211-4ae4-878d-dc5cce051454'),
 ('21', '18', 'en_us', 'USMNT-photo', NULL, NULL, NULL, NULL, NULL, NULL, NULL, NULL, NULL, NULL, NULL, NULL, NULL, NULL, '2013-08-24 19:57:34', '2013-08-24 19:57:34', 'f8051d39-a2e7-4265-975a-cf9805d7410d'),
 ('22', '19', 'en_us', 'LandonDonovanGoldCup3-ISIPhotos', NULL, NULL, NULL, NULL, NULL, NULL, NULL, NULL, NULL, NULL, NULL, NULL, NULL, NULL, '2013-08-24 21:56:26', '2013-08-24 21:56:26', '916bba78-6850-49be-88dc-4f5a2a0639f6');
COMMIT;


--
-- Schema for table `craft_elements`
--

DROP TABLE IF EXISTS `craft_elements`;

CREATE TABLE `craft_elements` (
  `id` int(11) NOT NULL AUTO_INCREMENT,
  `type` char(150) COLLATE utf8_unicode_ci NOT NULL,
  `enabled` tinyint(1) unsigned NOT NULL DEFAULT '1',
  `archived` tinyint(1) unsigned NOT NULL DEFAULT '0',
  `dateCreated` datetime NOT NULL,
  `dateUpdated` datetime NOT NULL,
  `uid` char(36) COLLATE utf8_unicode_ci NOT NULL DEFAULT '0',
  PRIMARY KEY (`id`),
  KEY `craft_elements_type_idx` (`type`),
  KEY `craft_elements_enabled_idx` (`enabled`),
  KEY `craft_elements_archived_idx` (`archived`)
) ENGINE=InnoDB AUTO_INCREMENT=20 DEFAULT CHARSET=utf8 COLLATE=utf8_unicode_ci;

--
-- Data for table `craft_elements`
--

BEGIN;
INSERT INTO `craft_elements` (`id`, `type`, `enabled`, `archived`, `dateCreated`, `dateUpdated`, `uid`) VALUES
 ('1', 'User', '1', '0', '2013-07-16 01:38:27', '2013-07-16 01:38:27', '69f0c536-0d8f-4bbf-8ba3-30d711159657'),
 ('2', 'GlobalSet', '1', '0', '2013-07-16 01:38:28', '2013-07-18 02:15:43', '74730d4f-64c4-4d1f-9599-8834c576e1e8'),
 ('5', 'GlobalSet', '1', '0', '2013-07-16 12:44:25', '2013-07-21 20:32:13', '71f250ed-3456-4762-abd7-4ade48e5c8c3'),
 ('7', 'Entry', '1', '0', '2013-07-17 14:12:05', '2013-07-18 02:36:47', '4dde94f1-401a-46cc-8e6f-9b75419ec573'),
 ('8', 'GlobalSet', '1', '0', '2013-07-17 14:16:25', '2013-07-21 19:38:15', '5e266e95-11b4-4e83-9655-f08cdf7a03f0'),
 ('9', 'GlobalSet', '1', '0', '2013-07-18 02:07:53', '2013-07-21 15:06:02', '75a6875c-10eb-4141-9f8a-9ca00f1a9c79'),
 ('10', 'Entry', '1', '0', '2013-07-19 01:09:24', '2013-07-31 18:08:58', 'c9e9f8fb-cd2c-4b42-bafb-efda9152d8e4'),
 ('11', 'Entry', '0', '0', '2013-07-31 17:46:28', '2013-08-02 21:42:04', '5047c638-a837-4338-b644-bee4e891dc42'),
 ('12', 'Asset', '1', '0', '2013-08-02 01:28:05', '2013-08-02 01:28:05', 'c4c05df9-3202-4bfc-a56e-75409f99860e'),
 ('13', 'Entry', '1', '0', '2013-08-03 18:35:35', '2013-08-24 21:56:32', '480c95fa-22f9-4875-95a9-baabd341e066'),
 ('14', 'Entry', '1', '0', '2013-08-05 17:53:19', '2013-08-24 18:35:27', 'cf4d17a6-c781-4f00-a156-47d4cc7b0381'),
 ('15', 'Entry', '1', '0', '2013-08-09 13:44:50', '2013-08-24 18:34:06', '433d3745-54f0-49a7-83a9-680d73cee61d'),
 ('16', 'Asset', '1', '0', '2013-08-24 18:34:01', '2013-08-24 18:34:01', '2c756b99-9ced-482d-ab25-caeb5f343fa5'),
 ('17', 'Asset', '1', '0', '2013-08-24 18:35:22', '2013-08-24 18:35:22', '41c16029-ae2c-4ced-acec-7ab75691d5e8'),
 ('18', 'Asset', '1', '0', '2013-08-24 19:57:34', '2013-08-24 19:57:34', 'c512bbdb-ada8-46b3-a206-65650d621269'),
 ('19', 'Asset', '1', '0', '2013-08-24 21:56:26', '2013-08-24 21:56:26', '8382e4e6-5c54-4bb3-acff-b198b2a2597b');
COMMIT;


--
-- Schema for table `craft_elements_i18n`
--

DROP TABLE IF EXISTS `craft_elements_i18n`;

CREATE TABLE `craft_elements_i18n` (
  `id` int(11) NOT NULL AUTO_INCREMENT,
  `elementId` int(11) NOT NULL,
  `locale` char(12) COLLATE utf8_unicode_ci NOT NULL,
  `uri` varchar(255) COLLATE utf8_unicode_ci DEFAULT NULL,
  `dateCreated` datetime NOT NULL,
  `dateUpdated` datetime NOT NULL,
  `uid` char(36) COLLATE utf8_unicode_ci NOT NULL DEFAULT '0',
  PRIMARY KEY (`id`),
  UNIQUE KEY `craft_elements_i18n_elementId_locale_unq_idx` (`elementId`,`locale`),
  UNIQUE KEY `craft_elements_i18n_uri_locale_unq_idx` (`uri`,`locale`),
  KEY `craft_elements_i18n_locale_fk` (`locale`)
) ENGINE=InnoDB AUTO_INCREMENT=9 DEFAULT CHARSET=utf8 COLLATE=utf8_unicode_ci;

--
-- Data for table `craft_elements_i18n`
--

BEGIN;
INSERT INTO `craft_elements_i18n` (`id`, `elementId`, `locale`, `uri`, `dateCreated`, `dateUpdated`, `uid`) VALUES
 ('3', '7', 'en_us', 'players/landon-donovan', '2013-07-17 14:12:05', '2013-07-18 02:36:47', 'd329424e-56fb-40eb-ab00-76bd1437ed1d'),
 ('4', '10', 'en_us', 'players/stuart-holden', '2013-07-19 01:09:24', '2013-07-31 18:08:58', '151e492e-c71d-4ecc-8692-ccf157b21270'),
 ('5', '11', 'en_us', NULL, '2013-07-31 17:46:28', '2013-08-02 21:42:04', '11957302-e7c0-4315-aa7f-0d58bf282d07'),
 ('6', '13', 'en_us', 'news/2013/best-goals-in-2013-gold-cup', '2013-08-03 18:35:35', '2013-08-24 21:56:32', '9dc8eac5-4526-4be1-93eb-d267667db144'),
 ('7', '14', 'en_us', 'news/2013/dempsey-back-to-mls', '2013-08-05 17:53:19', '2013-08-24 18:35:27', 'c14c833c-e898-4166-947c-23ffee2b17d0'),
 ('8', '15', 'en_us', 'news/2013/were-number-19-u-s-cracks-top-20-in-fifa-rankings', '2013-08-09 13:44:50', '2013-08-24 18:34:06', 'c13f2e51-b51b-4623-9d53-cb343436a502');
COMMIT;


--
-- Schema for table `craft_emailmessages`
--

DROP TABLE IF EXISTS `craft_emailmessages`;

CREATE TABLE `craft_emailmessages` (
  `id` int(11) NOT NULL AUTO_INCREMENT,
  `key` char(150) COLLATE utf8_unicode_ci NOT NULL,
  `locale` char(12) COLLATE utf8_unicode_ci NOT NULL,
  `subject` varchar(1000) COLLATE utf8_unicode_ci NOT NULL,
  `body` text COLLATE utf8_unicode_ci NOT NULL,
  `dateCreated` datetime NOT NULL,
  `dateUpdated` datetime NOT NULL,
  `uid` char(36) COLLATE utf8_unicode_ci NOT NULL DEFAULT '0',
  PRIMARY KEY (`id`),
  UNIQUE KEY `craft_emailmessages_key_locale_unq_idx` (`key`,`locale`)
) ENGINE=InnoDB DEFAULT CHARSET=utf8 COLLATE=utf8_unicode_ci;

--
-- Schema for table `craft_entries`
--

DROP TABLE IF EXISTS `craft_entries`;

CREATE TABLE `craft_entries` (
  `id` int(11) NOT NULL,
  `sectionId` int(11) NOT NULL,
  `authorId` int(11) NOT NULL,
  `postDate` datetime DEFAULT NULL,
  `expiryDate` datetime DEFAULT NULL,
  `dateCreated` datetime NOT NULL,
  `dateUpdated` datetime NOT NULL,
  `uid` char(36) COLLATE utf8_unicode_ci NOT NULL DEFAULT '0',
  PRIMARY KEY (`id`),
  KEY `craft_entries_sectionId_idx` (`sectionId`),
  KEY `craft_entries_postDate_idx` (`postDate`),
  KEY `craft_entries_expiryDate_idx` (`expiryDate`),
  KEY `craft_entries_authorId_fk` (`authorId`)
) ENGINE=InnoDB DEFAULT CHARSET=utf8 COLLATE=utf8_unicode_ci;

--
-- Data for table `craft_entries`
--

BEGIN;
INSERT INTO `craft_entries` (`id`, `sectionId`, `authorId`, `postDate`, `expiryDate`, `dateCreated`, `dateUpdated`, `uid`) VALUES
 ('7', '2', '1', '2013-07-17 14:12:00', NULL, '2013-07-17 14:12:05', '2013-07-18 02:36:47', 'bd3f9d12-c59e-4f4c-823f-2c2133c10789'),
 ('10', '2', '1', '2013-07-19 01:09:00', NULL, '2013-07-19 01:09:24', '2013-07-31 18:08:58', 'fee376d9-e885-4128-91c9-18ee9df79514'),
 ('11', '1', '1', '2013-07-31 17:46:00', NULL, '2013-07-31 17:46:28', '2013-08-02 21:42:04', '9e56e124-889f-45d3-aa82-f178893c0b00'),
 ('13', '1', '1', '2013-08-03 18:35:00', NULL, '2013-08-03 18:35:35', '2013-08-24 21:56:32', '3d5d179a-d8d9-45be-b837-7e76ffa49acd'),
 ('14', '1', '1', '2013-08-05 17:53:00', NULL, '2013-08-05 17:53:19', '2013-08-24 18:35:27', 'a4c2b348-3643-4903-850f-9eaf30e96bbd'),
 ('15', '1', '1', '2013-08-09 13:44:00', NULL, '2013-08-09 13:44:50', '2013-08-24 18:34:06', '4765d7ca-828e-4a3d-bc5a-d2766d3a8013');
COMMIT;


--
-- Schema for table `craft_entries_i18n`
--

DROP TABLE IF EXISTS `craft_entries_i18n`;

CREATE TABLE `craft_entries_i18n` (
  `id` int(11) NOT NULL AUTO_INCREMENT,
  `entryId` int(11) NOT NULL,
  `sectionId` int(11) NOT NULL,
  `locale` char(12) COLLATE utf8_unicode_ci NOT NULL,
  `slug` varchar(255) COLLATE utf8_unicode_ci NOT NULL,
  `dateCreated` datetime NOT NULL,
  `dateUpdated` datetime NOT NULL,
  `uid` char(36) COLLATE utf8_unicode_ci NOT NULL DEFAULT '0',
  PRIMARY KEY (`id`),
  UNIQUE KEY `craft_entries_i18n_entryId_locale_unq_idx` (`entryId`,`locale`),
  UNIQUE KEY `craft_entries_i18n_slug_sectionId_locale_unq_idx` (`slug`,`sectionId`,`locale`),
  KEY `craft_entries_i18n_sectionId_fk` (`sectionId`),
  KEY `craft_entries_i18n_locale_fk` (`locale`)
) ENGINE=InnoDB AUTO_INCREMENT=9 DEFAULT CHARSET=utf8 COLLATE=utf8_unicode_ci;

--
-- Data for table `craft_entries_i18n`
--

BEGIN;
INSERT INTO `craft_entries_i18n` (`id`, `entryId`, `sectionId`, `locale`, `slug`, `dateCreated`, `dateUpdated`, `uid`) VALUES
 ('3', '7', '2', 'en_us', 'landon-donovan', '2013-07-17 14:12:05', '2013-07-18 02:36:47', 'a3db831c-550a-43bd-a42b-1cf5b852cce8'),
 ('4', '10', '2', 'en_us', 'stuart-holden', '2013-07-19 01:09:24', '2013-07-31 18:08:58', '184e9ca7-1e57-4085-8644-645f429ac7c3'),
 ('5', '11', '1', 'en_us', 'altidore-back-in-the-big-leagues-successful-debut-for-sunderland-alter', '2013-07-31 17:46:28', '2013-08-02 21:42:04', 'c2313de4-0827-4973-a830-df98383ba0d4'),
 ('6', '13', '1', 'en_us', 'best-goals-in-2013-gold-cup', '2013-08-03 18:35:35', '2013-08-24 21:56:32', 'ddb982aa-7275-4c65-ac80-4c1cad9a9f98'),
 ('7', '14', '1', 'en_us', 'dempsey-back-to-mls', '2013-08-05 17:53:19', '2013-08-24 18:35:27', '208f753c-8ef5-4bca-97f6-e3083d0f6cd8'),
 ('8', '15', '1', 'en_us', 'were-number-19-u-s-cracks-top-20-in-fifa-rankings', '2013-08-09 13:44:50', '2013-08-24 18:34:06', '19e1f903-4154-4637-9074-882d91f8c748');
COMMIT;


--
-- Schema for table `craft_entrydrafts`
--

DROP TABLE IF EXISTS `craft_entrydrafts`;

CREATE TABLE `craft_entrydrafts` (
  `id` int(11) NOT NULL AUTO_INCREMENT,
  `entryId` int(11) NOT NULL,
  `sectionId` int(11) NOT NULL,
  `creatorId` int(11) NOT NULL,
  `locale` char(12) COLLATE utf8_unicode_ci NOT NULL,
  `name` varchar(255) COLLATE utf8_unicode_ci DEFAULT NULL,
  `data` mediumtext COLLATE utf8_unicode_ci NOT NULL,
  `dateCreated` datetime NOT NULL,
  `dateUpdated` datetime NOT NULL,
  `uid` char(36) COLLATE utf8_unicode_ci NOT NULL DEFAULT '0',
  PRIMARY KEY (`id`),
  KEY `craft_entrydrafts_entryId_locale_idx` (`entryId`,`locale`),
  KEY `craft_entrydrafts_sectionId_fk` (`sectionId`),
  KEY `craft_entrydrafts_creatorId_fk` (`creatorId`),
  KEY `craft_entrydrafts_locale_fk` (`locale`)
) ENGINE=InnoDB AUTO_INCREMENT=10 DEFAULT CHARSET=utf8 COLLATE=utf8_unicode_ci;

--
-- Data for table `craft_entrydrafts`
--

BEGIN;
INSERT INTO `craft_entrydrafts` (`id`, `entryId`, `sectionId`, `creatorId`, `locale`, `name`, `data`, `dateCreated`, `dateUpdated`, `uid`) VALUES
 ('1', '11', '1', '1', 'en_us', NULL, '{\"authorId\":\"1\",\"title\":\"Altidore Back in the Big Leagues: Successful Debut for Sunderland (alter)\",\"slug\":\"altidore-back-in-the-big-leagues-successful-debut-for-sunderland-alter\",\"postDate\":1375292760,\"expiryDate\":null,\"enabled\":1,\"tags\":[],\"fields\":{\"2\":\"<p>\\r\\n\\t  After scoring a career-high 31 goals this past season for lightly regarded (and funded) Dutch side AZ Alkmaar, American national Jozy Altidore [date] tomorrow will flash the red-and-white stripes of Sunderland AFC for his first game back in the Premier League since ...\\r\\n<\\/p>\\r\\n<p>\\r\\n\\t It\\u2019s been several eventful years since the 6\\u20191 striker got l first taste of the World\\u2019s Top League, and he is obviously eager to dispel the notion put forward by one former coach that  he \\\"had no idea what he was doing\\\" on the pitch and \\\"didn\'t understand tactics at all.\\\"\\r\\n<\\/p>\\r\\n<p>\\r\\n\\t  \\\"I have come a long way since then,\\\" said Altidore last month, referring to his disappointing stint with Hull City in the 2009-10 season while on loan from Spanish club Villarreal. \\\"I am almost a different player and I have learned a lot.\\u201d\\r\\n<\\/p>\\r\\n<p>\\r\\n\\t<strong>The Numbers Back Him Up <\\/strong>\\r\\n<\\/p>\\r\\n<p>\\r\\n\\t  Consider this:\\r\\n<\\/p>\\r\\n<ul>\\r\\n\\t<li>He set a record for Americans abroad with 31 goals in all competitions (passing American and now fellow Prem leaguer Clint Dempsey).<\\/li>\\r\\n\\t<li>Helped AZ win the Dutch Cup.<\\/li>\\r\\n\\t<li>Ended a woeful scoring drought with USMNT with goals in four straight games, including this \\u201csumptuous volley\\u201d against Germany (below).<\\/li>\\r\\n<\\/ul>\\r\\n<iframe width=\\\"560\\\" height=\\\"315\\\" src=\\\"\\/\\/www.youtube.com\\/embed\\/S7yn7LSufUE\\\" frameborder=\\\"0\\\" allowfullscreen=\\\"\\\">\\r\\n<\\/iframe>\\r\\n<p>\\r\\n\\t And the Black Cats will be counting on the strapping striker to provide some much needed finishing touches up front after a poor campaign (last in goals) that ended up as a relegation fight with Wigan and blank\\u2026\\r\\n<\\/p>\\r\\n<p>\\r\\n\\t \\\"Altidore is one of the top strikers in Europe,\\u201d the side\\u2019s Italian boss told the club\'s official website. \\u201cI\'m very happy, curious and excited because I have a very good attacking side at the moment. I\'m really pleased because a new arrival can benefit the squad and also individuals because there is competition up front.\\\"\\r\\n<\\/p>\\r\\n<p>\\r\\n\\t Combine that with the <a href=\\\"http:\\/\\/www1.skysports.com\\/football\\/news\\/11695\\/8819130\\/transfer-news-juventus-to-sell-sunderland-target-emanuele-giaccherini\\\">acquisition of Juventus playmaker<\\/a> Emanuele Giaccherini (make sure) and Altidore can expect some premiere service and creativity.\\r\\n<\\/p>\\r\\n<p>\\r\\n\\t <strong>So What Does This Means for the USMNT?<\\/strong>\\r\\n<\\/p>\\r\\n<p>\\r\\n\\t It seems the sporting press, as usual, is hunting in packs on this one as the same three or four questions continue to arise to soccer\\u2019s\\u2019 bloggeratie (yes, I said it and its now mine!)\\r\\n<\\/p>\\r\\n<p>\\r\\n\\t Google them and you\\u2019ll see 50 articles saying the same things on each topic, trust me.\\r\\n<\\/p>\\r\\n<p>\\r\\n\\t Let\\u2019s address the \\u2018conventional wisdom\\u2019 of each, and tell you why the regurgitaters are wrong in their thinking once again.\\r\\n<\\/p>\\r\\n<ul>\\r\\n\\t<li>Sunderland doesn\\u2019t play the style of soccer that is beneficial to Altidore\\u2019s strengths.<\\/li>\\r\\n\\t<li>striving for so long to find his groove at a European club and to break through with the U.S., why not stay at AZ and carry that momentum into the World Cup<\\/li>\\r\\n<\\/ul>\\r\\n<p>\\r\\n\\t At Sunderland, Altidore will work with manager Paolo Di Canio, who will employ a traditional 4-4-2 formation at the Stadium of Light this coming season. The system should work to the United States international\\u2019s advantage, as he will be able to work off a more solitary center-forward such as Steven Fletcher while benefiting from the supply of wingers Sebastian Larsson and Stephane Sessegnon.\\r\\n<\\/p>\\r\\n<p>\\r\\n\\t Breakout year for the national team as well.\\r\\n<\\/p>\\r\\n<p>\\r\\n\\t Some background about Gold Cup, Qualifying, Friendlies against german and his 4 goals in 4 games.\\r\\n<\\/p>\\r\\n<p>\\r\\n\\t Then bam\\u2026.\\r\\n<\\/p>\\r\\n<p>\\r\\n\\t He easily could have elected to remain in the Netherlands next season, basking in the scorer\'s spotlight while posting the sort of numbers that would cement a significant role at the 2014 World Cup. But elite athletes aren\'t wired to play it safe. So now Altidore, 23, is back in England, where on Tuesday he signed a four-year contract with Sunderland following a reported $13 million transfer.\\r\\n<\\/p>\\r\\n<p>\\r\\n\\t I\\u2019ve heard it been argued by some in the sporting press that He may have earned this chance, but after striving for so long to find his groove at a European club and to break through with the U.S., why not stay at AZ and carry that momentum into the World Cup?\\r\\n<\\/p>\\r\\n<p>\\r\\n\\t Really, is that the way to improve? Isn\\u2019t trying to drop in goals against the class of Manchester United, Manchester City, and Chelsea how you get better? Skill vs skill.\\r\\n<\\/p>\\r\\n<p>\\r\\n\\t Would Alex Rodriquez be better off playing against inferior pitching all year and then trying to step in against Mark Vreelander \\u2018s heat after hitting (name) all year?\\r\\n<\\/p>\\r\\n<p>\\r\\n\\t While )not me - Coach Paolo di Canio\'s Sunderland side won\'t be looking to possess the ball and build through the midfield like Verbeek\'s AZ, meaning the rhythm and regularity of Altidore\'s service will change. He\'ll have to adapt.\\r\\n<\\/p>\\r\\n<p>\\r\\n\\t You get better by playing better competition. Period. And nobody was any happier than  Jurgen Klinnsman when Altidore  signed a four-year deal to leave the Dutch league for Sunderland in northeast England.\\r\\n<\\/p>\\r\\n<p>\\r\\n\\t Weakness is turning into a strength\\r\\n<\\/p>\\r\\n<p>\\r\\n\\t What was once considered at weakspot at best, upfront on the national team is turning into one of the American Men\\u2019s strench. In fact, no coachin U.S. history has had as many psotive choices as Klinsman will have leading up to Brazil 2014.\\r\\n<\\/p>\\r\\n<p>\\r\\n\\t Find cool chart info upfront\\r\\n<\\/p>\\r\\n<p>\\r\\n\\t  it means for the USMNT\\r\\n<\\/p>\\r\\n<p>\\r\\n\\t It wasn\\u2019t always the case\\r\\n<\\/p>\\r\\n<p>\\r\\n\\t In a career that was hyped early with tons of promise, until last season Altidore had not lived up to the hype for either his clubs or the United States National Team. After stints the New York Red Bulls, Spanish team Xerez and Turkish club Bursaspo, 2012 was a breakout year for the striker.\\r\\n<\\/p>\\r\\n<p>\\r\\n\\t In fact, Instead of bringing out the best in Altidore\'s athletic arsenal, however, the EPL exposed his lack of development.\\r\\n<\\/p>\"}}', '2013-07-31 17:54:52', '2013-07-31 17:54:52', '6b6462e3-02ff-4cb8-bc67-b2f972354df9'),
 ('2', '11', '1', '1', 'en_us', NULL, '{\"authorId\":\"1\",\"title\":\"Altidore Back in the Big Leagues: Successful Debut for Sunderland (alter)\",\"slug\":\"altidore-back-in-the-big-leagues-successful-debut-for-sunderland-alter\",\"postDate\":1375292760,\"expiryDate\":null,\"enabled\":0,\"tags\":[],\"fields\":{\"2\":\"<p>\\r\\n\\t    After scoring a career-high 31 goals this past season for lightly regarded (and funded) Dutch side AZ Alkmaar, American national Jozy Altidore [date] tomorrow will flash the red-and-white stripes of Sunderland AFC for his first game back in the Premier League since ...\\r\\n<\\/p>\\r\\n<p>\\r\\n\\t   It\\u2019s been several eventful years since the 6\\u20191 striker got l first taste of the World\\u2019s Top League, and he is obviously eager to dispel the notion put forward by one former coach that  he \\\"had no idea what he was doing\\\" on the pitch and \\\"didn\'t understand tactics at all.\\\"\\r\\n<\\/p>\\r\\n<p>\\r\\n\\t    \\\"I have come a long way since then,\\\" said Altidore last month, referring to his disappointing stint with Hull City in the 2009-10 season while on loan from Spanish club Villarreal. \\\"I am almost a different player and I have learned a lot.\\u201d\\r\\n<\\/p>\\r\\n<p>\\r\\n\\t<strong>The Numbers Back Him Up <\\/strong>\\r\\n<\\/p>\\r\\n<p>\\r\\n\\t    Consider this:\\r\\n<\\/p>\\r\\n<ul>\\r\\n\\t<li>He set a record for Americans abroad with 31 goals in all competitions (passing American and now fellow Prem leaguer Clint Dempsey).<\\/li>\\r\\n\\t<li>Helped AZ win the Dutch Cup.<\\/li>\\r\\n\\t<li>Ended a woeful scoring drought with USMNT with goals in four straight games, including this \\u201csumptuous volley\\u201d against Germany (below).<\\/li>\\r\\n<\\/ul>\\r\\n<iframe width=\\\"560\\\" height=\\\"315\\\" src=\\\"\\/\\/www.youtube.com\\/embed\\/S7yn7LSufUE\\\" frameborder=\\\"0\\\" allowfullscreen=\\\"\\\">\\r\\n<\\/iframe>\\r\\n<p>\\r\\n\\t   And the Black Cats will be counting on the strapping striker to provide some much needed finishing touches up front after a poor campaign (last in goals) that ended up as a relegation fight with Wigan and blank\\u2026\\r\\n<\\/p>\\r\\n<p>\\r\\n\\t   \\\"Altidore is one of the top strikers in Europe,\\u201d the side\\u2019s Italian boss told the club\'s official website. \\u201cI\'m very happy, curious and excited because I have a very good attacking side at the moment. I\'m really pleased because a new arrival can benefit the squad and also individuals because there is competition up front.\\\"\\r\\n<\\/p>\\r\\n<p>\\r\\n\\t   Combine that with the <a href=\\\"http:\\/\\/www1.skysports.com\\/football\\/news\\/11695\\/8819130\\/transfer-news-juventus-to-sell-sunderland-target-emanuele-giaccherini\\\">acquisition of Juventus playmaker<\\/a> Emanuele Giaccherini (make sure) and Altidore can expect some premiere service and creativity.\\r\\n<\\/p>\\r\\n<p>\\r\\n\\t <strong>So What Does This Means for the USMNT?<\\/strong>\\r\\n<\\/p>\\r\\n<p>\\r\\n\\t   It seems the sporting press, as usual, is hunting in packs on this one as the same three or four questions continue to arise to soccer\\u2019s\\u2019 bloggeratie (yes, I said it and its now mine!)\\r\\n<\\/p>\\r\\n<p>\\r\\n\\t   Google them and you\\u2019ll see 50 articles saying the same things on each topic, trust me.\\r\\n<\\/p>\\r\\n<p>\\r\\n\\t   Let\\u2019s address the \\u2018conventional wisdom\\u2019 of each, and tell you why the regurgitaters are wrong in their thinking once again.\\r\\n<\\/p>\\r\\n<ul>\\r\\n\\t<li>Sunderland doesn\\u2019t play the style of soccer that is beneficial to Altidore\\u2019s strengths.<\\/li>\\r\\n\\t<li>striving for so long to find his groove at a European club and to break through with the U.S., why not stay at AZ and carry that momentum into the World Cup<\\/li>\\r\\n<\\/ul>\\r\\n<p>\\r\\n\\t   At Sunderland, Altidore will work with manager Paolo Di Canio, who will employ a traditional 4-4-2 formation at the Stadium of Light this coming season. The system should work to the United States international\\u2019s advantage, as he will be able to work off a more solitary center-forward such as Steven Fletcher while benefiting from the supply of wingers Sebastian Larsson and Stephane Sessegnon.\\r\\n<\\/p>\\r\\n<p>\\r\\n\\t   Breakout year for the national team as well.\\r\\n<\\/p>\\r\\n<p>\\r\\n\\t   Some background about Gold Cup, Qualifying, Friendlies against german and his 4 goals in 4 games.\\r\\n<\\/p>\\r\\n<p>\\r\\n\\t   Then bam\\u2026.\\r\\n<\\/p>\\r\\n<p>\\r\\n\\t   He easily could have elected to remain in the Netherlands next season, basking in the scorer\'s spotlight while posting the sort of numbers that would cement a significant role at the 2014 World Cup. But elite athletes aren\'t wired to play it safe. So now Altidore, 23, is back in England, where on Tuesday he signed a four-year contract with Sunderland following a reported $13 million transfer.\\r\\n<\\/p>\\r\\n<p>\\r\\n\\t   I\\u2019ve heard it been argued by some in the sporting press that He may have earned this chance, but after striving for so long to find his groove at a European club and to break through with the U.S., why not stay at AZ and carry that momentum into the World Cup?\\r\\n<\\/p>\\r\\n<p>\\r\\n\\t   Really, is that the way to improve? Isn\\u2019t trying to drop in goals against the class of Manchester United, Manchester City, and Chelsea how you get better? Skill vs skill.\\r\\n<\\/p>\\r\\n<p>\\r\\n\\t   Would Alex Rodriquez be better off playing against inferior pitching all year and then trying to step in against Mark Vreelander \\u2018s heat after hitting (name) all year?\\r\\n<\\/p>\\r\\n<p>\\r\\n\\t   While )not me - Coach Paolo di Canio\'s Sunderland side won\'t be looking to possess the ball and build through the midfield like Verbeek\'s AZ, meaning the rhythm and regularity of Altidore\'s service will change. He\'ll have to adapt.\\r\\n<\\/p>\\r\\n<p>\\r\\n\\t   You get better by playing better competition. Period. And nobody was any happier than  Jurgen Klinnsman when Altidore  signed a four-year deal to leave the Dutch league for Sunderland in northeast England.\\r\\n<\\/p>\\r\\n<p>\\r\\n\\t   Weakness is turning into a strength\\r\\n<\\/p>\\r\\n<p>\\r\\n\\t   What was once considered at weakspot at best, upfront on the national team is turning into one of the American Men\\u2019s strench. In fact, no coachin U.S. history has had as many psotive choices as Klinsman will have leading up to Brazil 2014.\\r\\n<\\/p>\\r\\n<p>\\r\\n\\t   Find cool chart info upfront\\r\\n<\\/p>\\r\\n<p>\\r\\n\\t    it means for the USMNT\\r\\n<\\/p>\\r\\n<p>\\r\\n\\t   It wasn\\u2019t always the case\\r\\n<\\/p>\\r\\n<p>\\r\\n\\t   In a career that was hyped early with tons of promise, until last season Altidore had not lived up to the hype for either his clubs or the United States National Team. After stints the New York Red Bulls, Spanish team Xerez and Turkish club Bursaspo, 2012 was a breakout year for the striker.\\r\\n<\\/p>\\r\\n<p>\\r\\n\\t   In fact, Instead of bringing out the best in Altidore\'s athletic arsenal, however, the EPL exposed his lack of development.\\r\\n<\\/p>\"}}', '2013-07-31 17:55:23', '2013-07-31 17:56:02', '79e3ebf1-e387-4a5f-866b-bd6257ba213a'),
 ('3', '11', '1', '1', 'en_us', NULL, '{\"authorId\":\"1\",\"title\":\"Altidore Back in the Big Leagues: Successful Debut for Sunderland (alter)\",\"slug\":\"altidore-back-in-the-big-leagues-successful-debut-for-sunderland-alter\",\"postDate\":1375292760,\"expiryDate\":null,\"enabled\":0,\"tags\":[],\"fields\":{\"2\":\"<p>\\r\\n\\t    After scoring a career-high 31 goals this past season for lightly regarded (and funded) Dutch side AZ Alkmaar, American national Jozy Altidore [date] tomorrow will flash the red-and-white stripes of Sunderland AFC for his first game back in the Premier League since ...\\r\\n<\\/p>\\r\\n<p>\\r\\n\\t   It\\u2019s been several eventful years since the 6\\u20191 striker got l first taste of the World\\u2019s Top League, and he is obviously eager to dispel the notion put forward by one former coach that  he \\\"had no idea what he was doing\\\" on the pitch and \\\"didn\'t understand tactics at all.\\\"\\r\\n<\\/p>\\r\\n<p>\\r\\n\\t    \\\"I have come a long way since then,\\\" said Altidore last month, referring to his disappointing stint with Hull City in the 2009-10 season while on loan from Spanish club Villarreal. \\\"I am almost a different player and I have learned a lot.\\u201d\\r\\n<\\/p>\\r\\n<p>\\r\\n\\t<strong>The Numbers Back Him Up <\\/strong>\\r\\n<\\/p>\\r\\n<p>\\r\\n\\t    Consider this:\\r\\n<\\/p>\\r\\n<ul>\\r\\n\\t<li>He set a record for Americans abroad with 31 goals in all competitions (passing American and now fellow Prem leaguer Clint Dempsey).<\\/li>\\r\\n\\t<li>Helped AZ win the Dutch Cup.<\\/li>\\r\\n\\t<li>Ended a woeful scoring drought with USMNT with goals in four straight games, including this \\u201csumptuous volley\\u201d against Germany (below).<\\/li>\\r\\n<\\/ul>\\r\\n<iframe width=\\\"560\\\" height=\\\"315\\\" src=\\\"\\/\\/www.youtube.com\\/embed\\/S7yn7LSufUE\\\" frameborder=\\\"0\\\" allowfullscreen=\\\"\\\">\\r\\n<\\/iframe>\\r\\n<p>\\r\\n\\t   And the Black Cats will be counting on the strapping striker to provide some much needed finishing touches up front after a poor campaign (last in goals) that ended up as a relegation fight with Wigan and blank\\u2026\\r\\n<\\/p>\\r\\n<p>\\r\\n\\t   \\\"Altidore is one of the top strikers in Europe,\\u201d the side\\u2019s Italian boss told the club\'s official website. \\u201cI\'m very happy, curious and excited because I have a very good attacking side at the moment. I\'m really pleased because a new arrival can benefit the squad and also individuals because there is competition up front.\\\"\\r\\n<\\/p>\\r\\n<p>\\r\\n\\t   Combine that with the <a href=\\\"http:\\/\\/www1.skysports.com\\/football\\/news\\/11695\\/8819130\\/transfer-news-juventus-to-sell-sunderland-target-emanuele-giaccherini\\\">acquisition of Juventus playmaker<\\/a> Emanuele Giaccherini (make sure) and Altidore can expect some premiere service and creativity.\\r\\n<\\/p>\\r\\n<p>\\r\\n\\t <strong>So What Does This Means for the USMNT?<\\/strong>\\r\\n<\\/p>\\r\\n<p>\\r\\n\\t   It seems the sporting press, as usual, is hunting in packs on this one as the same three or four questions continue to arise to soccer\\u2019s\\u2019 bloggeratie (yes, I said it and its now mine!)\\r\\n<\\/p>\\r\\n<p>\\r\\n\\t   Google them and you\\u2019ll see 50 articles saying the same things on each topic, trust me.\\r\\n<\\/p>\\r\\n<p>\\r\\n\\t   Let\\u2019s address the \\u2018conventional wisdom\\u2019 of each, and tell you why the regurgitaters are wrong in their thinking once again.\\r\\n<\\/p>\\r\\n<ul>\\r\\n\\t<li>Sunderland doesn\\u2019t play the style of soccer that is beneficial to Altidore\\u2019s strengths.<\\/li>\\r\\n\\t<li>striving for so long to find his groove at a European club and to break through with the U.S., why not stay at AZ and carry that momentum into the World Cup<\\/li>\\r\\n<\\/ul>\\r\\n<p>\\r\\n\\t   At Sunderland, Altidore will work with manager Paolo Di Canio, who will employ a traditional 4-4-2 formation at the Stadium of Light this coming season. The system should work to the United States international\\u2019s advantage, as he will be able to work off a more solitary center-forward such as Steven Fletcher while benefiting from the supply of wingers Sebastian Larsson and Stephane Sessegnon.\\r\\n<\\/p>\\r\\n<p>\\r\\n\\t   Breakout year for the national team as well.\\r\\n<\\/p>\\r\\n<p>\\r\\n\\t   Some background about Gold Cup, Qualifying, Friendlies against german and his 4 goals in 4 games.\\r\\n<\\/p>\\r\\n<p>\\r\\n\\t   Then bam\\u2026.\\r\\n<\\/p>\\r\\n<p>\\r\\n\\t   He easily could have elected to remain in the Netherlands next season, basking in the scorer\'s spotlight while posting the sort of numbers that would cement a significant role at the 2014 World Cup. But elite athletes aren\'t wired to play it safe. So now Altidore, 23, is back in England, where on Tuesday he signed a four-year contract with Sunderland following a reported $13 million transfer.\\r\\n<\\/p>\\r\\n<p>\\r\\n\\t   I\\u2019ve heard it been argued by some in the sporting press that He may have earned this chance, but after striving for so long to find his groove at a European club and to break through with the U.S., why not stay at AZ and carry that momentum into the World Cup?\\r\\n<\\/p>\\r\\n<p>\\r\\n\\t   Really, is that the way to improve? Isn\\u2019t trying to drop in goals against the class of Manchester United, Manchester City, and Chelsea how you get better? Skill vs skill.\\r\\n<\\/p>\\r\\n<p>\\r\\n\\t   Would Alex Rodriquez be better off playing against inferior pitching all year and then trying to step in against Mark Vreelander \\u2018s heat after hitting (name) all year?\\r\\n<\\/p>\\r\\n<p>\\r\\n\\t   While )not me - Coach Paolo di Canio\'s Sunderland side won\'t be looking to possess the ball and build through the midfield like Verbeek\'s AZ, meaning the rhythm and regularity of Altidore\'s service will change. He\'ll have to adapt.\\r\\n<\\/p>\\r\\n<p>\\r\\n\\t   You get better by playing better competition. Period. And nobody was any happier than  Jurgen Klinnsman when Altidore  signed a four-year deal to leave the Dutch league for Sunderland in northeast England.\\r\\n<\\/p>\\r\\n<p>\\r\\n\\t   Weakness is turning into a strength\\r\\n<\\/p>\\r\\n<p>\\r\\n\\t   What was once considered at weakspot at best, upfront on the national team is turning into one of the American Men\\u2019s strench. In fact, no coachin U.S. history has had as many psotive choices as Klinsman will have leading up to Brazil 2014.\\r\\n<\\/p>\\r\\n<p>\\r\\n\\t   Find cool chart info upfront\\r\\n<\\/p>\\r\\n<p>\\r\\n\\t    it means for the USMNT\\r\\n<\\/p>\\r\\n<p>\\r\\n\\t   It wasn\\u2019t always the case\\r\\n<\\/p>\\r\\n<p>\\r\\n\\t   In a career that was hyped early with tons of promise, until last season Altidore had not lived up to the hype for either his clubs or the United States National Team. After stints the New York Red Bulls, Spanish team Xerez and Turkish club Bursaspo, 2012 was a breakout year for the striker.\\r\\n<\\/p>\\r\\n<p>\\r\\n\\t   In fact, Instead of bringing out the best in Altidore\'s athletic arsenal, however, the EPL exposed his lack of development.\\r\\n<\\/p>\"}}', '2013-07-31 18:12:52', '2013-07-31 18:13:22', '7d175d87-660b-423d-b5fe-a47390f9c004'),
 ('4', '11', '1', '1', 'en_us', NULL, '{\"authorId\":\"1\",\"title\":\"Altidore Back in the Big Leagues Means \",\"slug\":\"altidore-back-in-the-big-leagues-successful-debut-for-sunderland-alter\",\"postDate\":1375292760,\"expiryDate\":null,\"enabled\":0,\"fields\":{\"2\":\"<p>\\r\\n\\t<em>\\\"It was a sumptuous volley.\\\" - Ian Dark.<\\/em>\\r\\n<\\/p>\\r\\n<p>\\r\\n\\t  Such superlatives from Sir Ian. And why not? It\'s a safe bet Jozy Altidore has been on the receiving end of this type of praise more than ever in the past year. After scoring a career-high 31 goals in the 2012-2013 season for lightly regarded (and funded) Dutch side AZ Alkmaar, the American international [date] is now flashing the red-and-white stripes of Sunderland AFC in a return trip to the Big League.\\r\\n<\\/p>\\r\\n<p>\\r\\n\\t And he already doubled his goals\\r\\n<\\/p>\\r\\n<p>\\r\\n\\t his first game back in the Premier League since ...\\r\\n<\\/p>\\r\\n<p>\\r\\n\\t  The 6\\u20191 striker has defintly come a long way since X when one former coach that he \\\"had no idea what he was doing\\\" on the pitch and \\\"didn\'t understand tactics at all.\\\"\\r\\n<\\/p>\\r\\n<p>\\r\\n\\t  got l first taste of the World\\u2019s Top League, and he is obviously eager to dispel the notion put forward by one former coach that  he \\\"had no idea what he was doing\\\" on the pitch and \\\"didn\'t understand tactics at all.\\\"\\r\\n<\\/p>\\r\\n<p>\\r\\n\\t     \\\"I have come a long way since then,\\\" said Altidore last month, referring to his disappointing stint with Hull City in the 2009-10 season while on loan from Spanish club Villarreal. \\\"I am almost a different player and I have learned a lot.\\u201d\\r\\n<\\/p>\\r\\n<p>\\r\\n\\t <strong>The Numbers Back Him Up <\\/strong>\\r\\n<\\/p>\\r\\n<p>\\r\\n\\t     Consider this:\\r\\n<\\/p>\\r\\n<ul>\\r\\n\\t<li>He set a record for Americans abroad with 31 goals in all competitions (passing American and now fellow Prem leaguer Clint Dempsey).<\\/li>\\r\\n\\t<li>Helped AZ win the Dutch Cup.<\\/li>\\r\\n\\t<li>Ended a woeful scoring drought with USMNT with goals in four straight games, including this \\u201csumptuous volley\\u201d against Germany (below).<\\/li>\\r\\n<\\/ul>\\r\\n<iframe width=\\\"560\\\" height=\\\"315\\\" src=\\\"\\/\\/www.youtube.com\\/embed\\/S7yn7LSufUE\\\" frameborder=\\\"0\\\" allowfullscreen=\\\"\\\">\\r\\n<\\/iframe>\\r\\n<p>\\r\\n\\t    And the Black Cats will be counting on the strapping striker to provide some much needed finishing touches up front after a poor campaign (last in goals) that ended up as a relegation fight with Wigan and blank\\u2026\\r\\n<\\/p>\\r\\n<p>\\r\\n\\t    \\\"Altidore is one of the top strikers in Europe,\\u201d the side\\u2019s Italian boss told the club\'s official website. \\u201cI\'m very happy, curious and excited because I have a very good attacking side at the moment. I\'m really pleased because a new arrival can benefit the squad and also individuals because there is competition up front.\\\"\\r\\n<\\/p>\\r\\n<p>\\r\\n\\t    Combine that with the <a href=\\\"http:\\/\\/www1.skysports.com\\/football\\/news\\/11695\\/8819130\\/transfer-news-juventus-to-sell-sunderland-target-emanuele-giaccherini\\\">acquisition of Juventus playmaker<\\/a> Emanuele Giaccherini (make sure) and Altidore can expect some premiere service and creativity.\\r\\n<\\/p>\\r\\n<p>\\r\\n\\t<strong>So What Does This Means for the USMNT?<\\/strong>\\r\\n<\\/p>\\r\\n<p>\\r\\n\\t    It seems the sporting press, as usual, is hunting in packs on this one as the same three or four questions continue to arise to soccer\\u2019s\\u2019 bloggeratie (yes, I said it and its now mine!)\\r\\n<\\/p>\\r\\n<p>\\r\\n\\t    Google them and you\\u2019ll see 50 articles saying the same things on each topic, trust me.\\r\\n<\\/p>\\r\\n<p>\\r\\n\\t    Let\\u2019s address the \\u2018conventional wisdom\\u2019 of each, and tell you why the regurgitaters are wrong in their thinking once again.\\r\\n<\\/p>\\r\\n<ul>\\r\\n\\t<li>Sunderland doesn\\u2019t play the style of soccer that is beneficial to Altidore\\u2019s strengths.<\\/li>\\r\\n\\t<li>striving for so long to find his groove at a European club and to break through with the U.S., why not stay at AZ and carry that momentum into the World Cup<\\/li>\\r\\n<\\/ul>\\r\\n<p>\\r\\n\\t    At Sunderland, Altidore will work with manager Paolo Di Canio, who will employ a traditional 4-4-2 formation at the Stadium of Light this coming season. The system should work to the United States international\\u2019s advantage, as he will be able to work off a more solitary center-forward such as Steven Fletcher while benefiting from the supply of wingers Sebastian Larsson and Stephane Sessegnon.\\r\\n<\\/p>\\r\\n<p>\\r\\n\\t    Breakout year for the national team as well.\\r\\n<\\/p>\\r\\n<p>\\r\\n\\t    Some background about Gold Cup, Qualifying, Friendlies against german and his 4 goals in 4 games.\\r\\n<\\/p>\\r\\n<p>\\r\\n\\t    Then bam\\u2026.\\r\\n<\\/p>\\r\\n<p>\\r\\n\\t    He easily could have elected to remain in the Netherlands next season, basking in the scorer\'s spotlight while posting the sort of numbers that would cement a significant role at the 2014 World Cup. But elite athletes aren\'t wired to play it safe. So now Altidore, 23, is back in England, where on Tuesday he signed a four-year contract with Sunderland following a reported $13 million transfer.\\r\\n<\\/p>\\r\\n<p>\\r\\n\\t    I\\u2019ve heard it been argued by some in the sporting press that He may have earned this chance, but after striving for so long to find his groove at a European club and to break through with the U.S., why not stay at AZ and carry that momentum into the World Cup?\\r\\n<\\/p>\\r\\n<p>\\r\\n\\t    Really, is that the way to improve? Isn\\u2019t trying to drop in goals against the class of Manchester United, Manchester City, and Chelsea how you get better? Skill vs skill.\\r\\n<\\/p>\\r\\n<p>\\r\\n\\t    Would Alex Rodriquez be better off playing against inferior pitching all year and then trying to step in against Mark Vreelander \\u2018s heat after hitting (name) all year?\\r\\n<\\/p>\\r\\n<p>\\r\\n\\t    While )not me - Coach Paolo di Canio\'s Sunderland side won\'t be looking to possess the ball and build through the midfield like Verbeek\'s AZ, meaning the rhythm and regularity of Altidore\'s service will change. He\'ll have to adapt.\\r\\n<\\/p>\\r\\n<p>\\r\\n\\t    You get better by playing better competition. Period. And nobody was any happier than  Jurgen Klinnsman when Altidore  signed a four-year deal to leave the Dutch league for Sunderland in northeast England.\\r\\n<\\/p>\\r\\n<p>\\r\\n\\t    Weakness is turning into a strength\\r\\n<\\/p>\\r\\n<p>\\r\\n\\t    What was once considered at weakspot at best, upfront on the national team is turning into one of the American Men\\u2019s strench. In fact, no coachin U.S. history has had as many psotive choices as Klinsman will have leading up to Brazil 2014.\\r\\n<\\/p>\\r\\n<p>\\r\\n\\t    Find cool chart info upfront\\r\\n<\\/p>\\r\\n<p>\\r\\n\\t     it means for the USMNT\\r\\n<\\/p>\\r\\n<p>\\r\\n\\t    It wasn\\u2019t always the case\\r\\n<\\/p>\\r\\n<p>\\r\\n\\t    In a career that was hyped early with tons of promise, until last season Altidore had not lived up to the hype for either his clubs or the United States National Team. After stints the New York Red Bulls, Spanish team Xerez and Turkish club Bursaspo, 2012 was a breakout year for the striker.\\r\\n<\\/p>\\r\\n<p>\\r\\n\\t    In fact, Instead of bringing out the best in Altidore\'s athletic arsenal, however, the EPL exposed his lack of development.\\r\\n<\\/p>\"}}', '2013-08-02 21:42:46', '2013-08-02 21:42:46', 'cd08f183-d054-4462-9828-e72444b0057c'),
 ('6', '15', '1', '1', 'en_us', NULL, '{\"authorId\":\"1\",\"title\":\"\\u200bWe\\u2019re Number 19! U.S. Cracks Top 20 in FIFA Rankings\",\"slug\":\"u-s-cracks-top-20-in-fifa-rankings\",\"postDate\":1376055840,\"expiryDate\":null,\"enabled\":0,\"fields\":{\"2\":\"<p>\\r\\n\\t  IMAGE\\r\\n<\\/p>\\r\\n<p>\\r\\n\\t  So maybe it doesn\\u2019t have the same ring as \\u201cWe\\u2019re Number One\\u201d but climbing back into the top 20 FIFA rankings feels pretty good for American soccer fans, especially considering obnoxious regional rival Mexico dropped a spot behind the USMNT.\\r\\n<\\/p>\\r\\n<p>\\r\\n\\t  In recent years much ink has been spilt (see the Kick Republic Rankings here) regarding the arbitrary nature of these rankings and the relatively meaninglessness effect they have around the world. However,\\r\\n<\\/p>\\r\\n<p>\\r\\n\\t  However, this year FIFA will be using the standings as a factor when it awards the seedings in the World Cup draw, which will be held in Brazil in December.\\r\\n<\\/p>\\r\\n<p>\\r\\n\\t  And any NCAA basketball fan will tell you a middling team (sorry USA) can go a long way with the right draw! I mean really, VCU?\\r\\n<\\/p>\\r\\n<p>\\r\\n\\t  Back to the World\\u2019s greatest game\\r\\n<\\/p>\\r\\n<p>\\r\\n\\t  After a run of 11 straight victories, including winning the Concacaf Gold Cup championship, United States men\\u2019s national team deserves its new position.\\r\\n<\\/p>\\r\\n<p>\\r\\n\\t  \\u201cIt\\u2019s a sign of consistency. It\\u2019s a sign that the guys are willing to take things seriously and become 24\\/7 professionals. It\\u2019s a sign that they want to go to Brazil in 2014 and be a part of that,\\u201d said United States Coach Jurgen Klinsmann. \\u201cAnd it\\u2019s a re of a lot of hard work we\\u2019ve put in there since two years.\\u201d\\r\\n<\\/p>\\r\\n<p>\\r\\n\\t  1 Spain<br>\\r\\n\\t  2 Germany<br>\\r\\n\\t  3 Colombia<br>\\r\\n\\t  4 Argentina<br>\\r\\n\\t  5 Netherlands<br>\\r\\n\\t  6 Italy<br>\\r\\n\\t  7 Portugal<br>\\r\\n\\t  8 Croatia<br>\\r\\n\\t  9 Brazil<br>\\r\\n\\t  10 Belgium<br>\\r\\n\\t  11 Greece<br>\\r\\n\\t  12 Uruguay<br>\\r\\n\\t  13 Bosnia-Herzegovina<br>\\r\\n\\t  14 England<br>\\r\\n\\t  15 Switzerland<br>\\r\\n\\t  16 Russia<br>\\r\\n\\t  17 Ecuador<br>\\r\\n\\t  18 C\\u00f4te d\'Ivoire<br>\\r\\n\\t  19 USA<br>\\r\\n\\t  20 Mexico\\r\\n<\\/p>\"}}', '2013-08-09 14:05:55', '2013-08-09 14:06:31', '06b6109d-c36f-4a1f-a33a-be146c1a6f3b'),
 ('7', '14', '1', '1', 'en_us', NULL, '{\"authorId\":\"1\",\"title\":\"Dempsey Back to MLS?\",\"slug\":\"dempsey-back-to-mls\",\"postDate\":1375725180,\"expiryDate\":null,\"enabled\":0,\"fields\":{\"2\":\"<p>\\r\\n\\t Intormation to come\\r\\n<\\/p>\"}}', '2013-08-09 14:06:50', '2013-08-09 14:06:50', '04be50dc-2992-4345-9770-154d80b13001'),
 ('8', '13', '1', '1', 'en_us', NULL, '{\"authorId\":\"1\",\"title\":\"Best Goals of the 2013 Gold Cup \",\"slug\":\"best-goals-in-2013-gold-cup\",\"postDate\":1375554900,\"expiryDate\":null,\"enabled\":0,\"fields\":{\"2\":\"<p>\\r\\n\\t             An impressive amount of talent was on display at the CONCACAF Gold Cup this summer and despite relatively low goal totals, some incredible shots were taken and made. (Our apologies to those who would suggest we are xenophobes at Kick Republic. The reason for so many Americans on the list is the USMNT scored the most goals by far (20 vs. X for X).\\r\\n<\\/p>\\r\\n<p>\\r\\n\\t             Here are our top four. Let us know if we missed any @kickrepubli\\r\\n<\\/p>\\r\\n<p>\\r\\n\\t<strong>The Domolition Man, AKA, Eddie Johnson for the United States against El Salvador<\\/strong>\\r\\n<\\/p>\\r\\n<p>\\r\\n\\t      I\\u2019m sure somewhere, in some prison Wesley Snipes is griping \\\"you stole my moves -and look!.\\\"\\r\\n<\\/p>\\r\\n<iframe width=\\\"560\\\" height=\\\"315\\\" src=\\\"\\/\\/www.youtube.com\\/embed\\/uoafq4_Db8E\\\" frameborder=\\\"0\\\" allowfullscreen=\\\"\\\">\\r\\n<\\/iframe>\\r\\n<p>\\r\\n\\t<strong>Luis Montes is ahead of the game for Mexico against Panama<\\/strong>\\r\\n<\\/p>\\r\\n<p>\\r\\n\\t             I\\u2019m not sure what the announcer is saying, but I imagine it went something like this: Marco Fabian sends it across the box, and oh my! Luis Montes, the little guy! Heads it into the back of the net!\\r\\n<\\/p>\\r\\n<iframe width=\\\"420\\\" height=\\\"315\\\" src=\\\"\\/\\/www.youtube.com\\/embed\\/Pl9N4g0pfzE\\\" frameborder=\\\"0\\\" allowfullscreen=\\\"\\\">\\r\\n<\\/iframe>\\r\\n<p>\\r\\n\\t <strong>Landon Donovan for the United States against Honduras<\\/strong>\\r\\n<\\/p>\\r\\n<p>\\r\\n\\t      The usual class touch and finish from arguably America\\u2019s best ever player. BTW, how about a little more juice in the call fellows? I thought I was listening to Jim Nance call the 14th hole on day one. And Coby, please work on that monotone color commentating. It\\u2019s atrocious.\\r\\n<\\/p>\\r\\n<iframe width=\\\"560\\\" height=\\\"315\\\" src=\\\"\\/\\/www.youtube.com\\/embed\\/VovT3pNArrc\\\" frameborder=\\\"0\\\" allowfullscreen=\\\"\\\">\\r\\n<\\/iframe>\\r\\n<p>\\r\\n\\t<strong>Chris Wondolowski for the United States against Cuba<\\/strong>\\r\\n<\\/p>\\r\\n<p>\\r\\n\\t    Wondo started the tournament scorching hot but was ridding the pine the last few games. Still, a deft touch of a pretty pass from Beckerman = sweet goal!\\r\\n<\\/p>\\r\\n<iframe width=\\\"560\\\" height=\\\"315\\\" src=\\\"\\/\\/www.youtube.com\\/embed\\/Etxw1ag8wUM\\\" frameborder=\\\"0\\\" allowfullscreen=\\\"\\\">\\r\\n<\\/iframe>\\r\\n<p>\\r\\n\\t   Now we are left wanting more. How many more days until Brazil?\\r\\n<\\/p>\"}}', '2013-08-09 14:07:07', '2013-08-09 14:07:07', 'f38bc739-7ca4-4a77-a8e8-92e6ad4f4aa0'),
 ('9', '11', '1', '1', 'en_us', NULL, '{\"authorId\":\"1\",\"title\":\"Altidore Back in the Big Leagues\",\"slug\":\"altidore-back-in-the-big-leagues\",\"postDate\":1375292760,\"expiryDate\":null,\"enabled\":0,\"fields\":{\"2\":\"<p>\\r\\n\\t<em>\\\"It was a sumptuous volley.\\\" - Ian Dark.<\\/em>\\r\\n<\\/p>\\r\\n<p>\\r\\n\\t  Such superlatives from Sir Ian. And why not? It\'s a safe bet Jozy Altidore has been on the receiving end of this type of praise more than ever in the past year. After scoring a career-high 31 goals in the 2012-2013 season for lightly regarded (and funded) Dutch side AZ Alkmaar, the American international [date] is now flashing the red-and-white stripes of Sunderland AFC in a return trip to the Big League.\\r\\n<\\/p>\\r\\n<p>\\r\\n\\t And he already doubled his goals\\r\\n<\\/p>\\r\\n<p>\\r\\n\\t his first game back in the Premier League since ...\\r\\n<\\/p>\\r\\n<p>\\r\\n\\t  The 6\\u20191 striker has defintly come a long way since X when one former coach that he \\\"had no idea what he was doing\\\" on the pitch and \\\"didn\'t understand tactics at all.\\\"\\r\\n<\\/p>\\r\\n<p>\\r\\n\\t  got l first taste of the World\\u2019s Top League, and he is obviously eager to dispel the notion put forward by one former coach that  he \\\"had no idea what he was doing\\\" on the pitch and \\\"didn\'t understand tactics at all.\\\"\\r\\n<\\/p>\\r\\n<p>\\r\\n\\t     \\\"I have come a long way since then,\\\" said Altidore last month, referring to his disappointing stint with Hull City in the 2009-10 season while on loan from Spanish club Villarreal. \\\"I am almost a different player and I have learned a lot.\\u201d\\r\\n<\\/p>\\r\\n<p>\\r\\n\\t <strong>The Numbers Back Him Up <\\/strong>\\r\\n<\\/p>\\r\\n<p>\\r\\n\\t     Consider this:\\r\\n<\\/p>\\r\\n<ul>\\r\\n\\t<li>He set a record for Americans abroad with 31 goals in all competitions (passing American and now fellow Prem leaguer Clint Dempsey).<\\/li>\\r\\n\\t<li>Helped AZ win the Dutch Cup.<\\/li>\\r\\n\\t<li>Ended a woeful scoring drought with USMNT with goals in four straight games, including this \\u201csumptuous volley\\u201d against Germany (below).<\\/li>\\r\\n<\\/ul>\\r\\n<iframe width=\\\"560\\\" height=\\\"315\\\" src=\\\"\\/\\/www.youtube.com\\/embed\\/S7yn7LSufUE\\\" frameborder=\\\"0\\\" allowfullscreen=\\\"\\\">\\r\\n<\\/iframe>\\r\\n<p>\\r\\n\\t    And the Black Cats will be counting on the strapping striker to provide some much needed finishing touches up front after a poor campaign (last in goals) that ended up as a relegation fight with Wigan and blank\\u2026\\r\\n<\\/p>\\r\\n<p>\\r\\n\\t    \\\"Altidore is one of the top strikers in Europe,\\u201d the side\\u2019s Italian boss told the club\'s official website. \\u201cI\'m very happy, curious and excited because I have a very good attacking side at the moment. I\'m really pleased because a new arrival can benefit the squad and also individuals because there is competition up front.\\\"\\r\\n<\\/p>\\r\\n<p>\\r\\n\\t    Combine that with the <a href=\\\"http:\\/\\/www1.skysports.com\\/football\\/news\\/11695\\/8819130\\/transfer-news-juventus-to-sell-sunderland-target-emanuele-giaccherini\\\">acquisition of Juventus playmaker<\\/a> Emanuele Giaccherini (make sure) and Altidore can expect some premiere service and creativity.\\r\\n<\\/p>\\r\\n<p>\\r\\n\\t<strong>So What Does This Means for the USMNT?<\\/strong>\\r\\n<\\/p>\\r\\n<p>\\r\\n\\t    It seems the sporting press, as usual, is hunting in packs on this one as the same three or four questions continue to arise to soccer\\u2019s\\u2019 bloggeratie (yes, I said it and its now mine!)\\r\\n<\\/p>\\r\\n<p>\\r\\n\\t    Google them and you\\u2019ll see 50 articles saying the same things on each topic, trust me.\\r\\n<\\/p>\\r\\n<p>\\r\\n\\t    Let\\u2019s address the \\u2018conventional wisdom\\u2019 of each, and tell you why the regurgitaters are wrong in their thinking once again.\\r\\n<\\/p>\\r\\n<ul>\\r\\n\\t<li>Sunderland doesn\\u2019t play the style of soccer that is beneficial to Altidore\\u2019s strengths.<\\/li>\\r\\n\\t<li>striving for so long to find his groove at a European club and to break through with the U.S., why not stay at AZ and carry that momentum into the World Cup<\\/li>\\r\\n<\\/ul>\\r\\n<p>\\r\\n\\t    At Sunderland, Altidore will work with manager Paolo Di Canio, who will employ a traditional 4-4-2 formation at the Stadium of Light this coming season. The system should work to the United States international\\u2019s advantage, as he will be able to work off a more solitary center-forward such as Steven Fletcher while benefiting from the supply of wingers Sebastian Larsson and Stephane Sessegnon.\\r\\n<\\/p>\\r\\n<p>\\r\\n\\t    Breakout year for the national team as well.\\r\\n<\\/p>\\r\\n<p>\\r\\n\\t    Some background about Gold Cup, Qualifying, Friendlies against german and his 4 goals in 4 games.\\r\\n<\\/p>\\r\\n<p>\\r\\n\\t    Then bam\\u2026.\\r\\n<\\/p>\\r\\n<p>\\r\\n\\t    He easily could have elected to remain in the Netherlands next season, basking in the scorer\'s spotlight while posting the sort of numbers that would cement a significant role at the 2014 World Cup. But elite athletes aren\'t wired to play it safe. So now Altidore, 23, is back in England, where on Tuesday he signed a four-year contract with Sunderland following a reported $13 million transfer.\\r\\n<\\/p>\\r\\n<p>\\r\\n\\t    I\\u2019ve heard it been argued by some in the sporting press that He may have earned this chance, but after striving for so long to find his groove at a European club and to break through with the U.S., why not stay at AZ and carry that momentum into the World Cup?\\r\\n<\\/p>\\r\\n<p>\\r\\n\\t    Really, is that the way to improve? Isn\\u2019t trying to drop in goals against the class of Manchester United, Manchester City, and Chelsea how you get better? Skill vs skill.\\r\\n<\\/p>\\r\\n<p>\\r\\n\\t    Would Alex Rodriquez be better off playing against inferior pitching all year and then trying to step in against Mark Vreelander \\u2018s heat after hitting (name) all year?\\r\\n<\\/p>\\r\\n<p>\\r\\n\\t    While )not me - Coach Paolo di Canio\'s Sunderland side won\'t be looking to possess the ball and build through the midfield like Verbeek\'s AZ, meaning the rhythm and regularity of Altidore\'s service will change. He\'ll have to adapt.\\r\\n<\\/p>\\r\\n<p>\\r\\n\\t    You get better by playing better competition. Period. And nobody was any happier than  Jurgen Klinnsman when Altidore  signed a four-year deal to leave the Dutch league for Sunderland in northeast England.\\r\\n<\\/p>\\r\\n<p>\\r\\n\\t    Weakness is turning into a strength\\r\\n<\\/p>\\r\\n<p>\\r\\n\\t    What was once considered at weakspot at best, upfront on the national team is turning into one of the American Men\\u2019s strench. In fact, no coachin U.S. history has had as many psotive choices as Klinsman will have leading up to Brazil 2014.\\r\\n<\\/p>\\r\\n<p>\\r\\n\\t    Find cool chart info upfront\\r\\n<\\/p>\\r\\n<p>\\r\\n\\t     it means for the USMNT\\r\\n<\\/p>\\r\\n<p>\\r\\n\\t    It wasn\\u2019t always the case\\r\\n<\\/p>\\r\\n<p>\\r\\n\\t    In a career that was hyped early with tons of promise, until last season Altidore had not lived up to the hype for either his clubs or the United States National Team. After stints the New York Red Bulls, Spanish team Xerez and Turkish club Bursaspo, 2012 was a breakout year for the striker.\\r\\n<\\/p>\\r\\n<p>\\r\\n\\t    In fact, Instead of bringing out the best in Altidore\'s athletic arsenal, however, the EPL exposed his lack of development.\\r\\n<\\/p>\"}}', '2013-08-09 14:07:44', '2013-08-09 14:07:44', '26a72856-fb7d-4091-93e9-8e22c7341a5e');
COMMIT;


--
-- Schema for table `craft_entrytags`
--

DROP TABLE IF EXISTS `craft_entrytags`;

CREATE TABLE `craft_entrytags` (
  `id` int(11) NOT NULL AUTO_INCREMENT,
  `name` varchar(100) COLLATE utf8_unicode_ci NOT NULL,
  `count` int(10) NOT NULL,
  `dateCreated` datetime NOT NULL,
  `dateUpdated` datetime NOT NULL,
  `uid` char(36) COLLATE utf8_unicode_ci NOT NULL DEFAULT '0',
  PRIMARY KEY (`id`),
  UNIQUE KEY `craft_entrytags_name_unq_idx` (`name`)
) ENGINE=InnoDB DEFAULT CHARSET=utf8 COLLATE=utf8_unicode_ci;

--
-- Schema for table `craft_entrytags_entries`
--

DROP TABLE IF EXISTS `craft_entrytags_entries`;

CREATE TABLE `craft_entrytags_entries` (
  `id` int(11) NOT NULL AUTO_INCREMENT,
  `tagId` int(11) NOT NULL,
  `entryId` int(11) NOT NULL,
  `dateCreated` datetime NOT NULL,
  `dateUpdated` datetime NOT NULL,
  `uid` char(36) COLLATE utf8_unicode_ci NOT NULL DEFAULT '0',
  PRIMARY KEY (`id`),
  KEY `craft_entrytags_entries_tagId_fk` (`tagId`),
  KEY `craft_entrytags_entries_entryId_fk` (`entryId`)
) ENGINE=InnoDB DEFAULT CHARSET=utf8 COLLATE=utf8_unicode_ci;

--
-- Schema for table `craft_entryversions`
--

DROP TABLE IF EXISTS `craft_entryversions`;

CREATE TABLE `craft_entryversions` (
  `id` int(11) NOT NULL AUTO_INCREMENT,
  `entryId` int(11) NOT NULL,
  `sectionId` int(11) NOT NULL,
  `creatorId` int(11) NOT NULL,
  `locale` char(12) COLLATE utf8_unicode_ci NOT NULL,
  `notes` tinytext COLLATE utf8_unicode_ci,
  `data` mediumtext COLLATE utf8_unicode_ci NOT NULL,
  `dateCreated` datetime NOT NULL,
  `dateUpdated` datetime NOT NULL,
  `uid` char(36) COLLATE utf8_unicode_ci NOT NULL DEFAULT '0',
  PRIMARY KEY (`id`),
  KEY `craft_entryversions_entryId_locale_idx` (`entryId`,`locale`),
  KEY `craft_entryversions_sectionId_fk` (`sectionId`),
  KEY `craft_entryversions_creatorId_fk` (`creatorId`),
  KEY `craft_entryversions_locale_fk` (`locale`)
) ENGINE=InnoDB AUTO_INCREMENT=21 DEFAULT CHARSET=utf8 COLLATE=utf8_unicode_ci;

--
-- Data for table `craft_entryversions`
--

BEGIN;
INSERT INTO `craft_entryversions` (`id`, `entryId`, `sectionId`, `creatorId`, `locale`, `notes`, `data`, `dateCreated`, `dateUpdated`, `uid`) VALUES
 ('1', '7', '2', '1', 'en_us', NULL, '{\"authorId\":\"1\",\"title\":\"Landon Donovan\",\"slug\":\"landon-donovan\",\"postDate\":1374070324,\"expiryDate\":null,\"enabled\":1,\"tags\":[],\"fields\":{\"2\":\"<p>\\r\\n\\t<span style=\\\"font-family: Arial, Helvetica, Verdana, Tahoma, sans-serif;\\\">Lorem ipsum dolor sit amet, consectetur adipisicing elit, sed do eiusmod tempor incididunt ut labore et dolore magna aliqua. Ut enim ad minim veniam, quis nostrud exercitation ullamco laboris nisi ut aliquip ex ea commodo consequat. Duis aute irure dolor in reprehenderit in voluptate velit esse cillum dolore eu fugiat nulla pariatur. Excepteur sint occaecat cupidatat non proident, sunt in culpa qui officia deserunt mollit anim id est laborum.<\\/span>\\r\\n<\\/p>\",\"8\":[{\"col1\":\"LA Galaxy\"}],\"7\":[\"Forward\"]}}', '2013-07-17 14:12:05', '2013-07-17 14:12:05', '0d71f193-27d5-4919-b4e9-c8fe71f597ba'),
 ('3', '7', '2', '1', 'en_us', NULL, '{\"authorId\":\"1\",\"title\":\"Landon Donovan\",\"slug\":\"landon-donovan\",\"postDate\":1374070320,\"expiryDate\":null,\"enabled\":1,\"tags\":[],\"fields\":{\"2\":\"<p>\\r\\n\\t Lorem ipsum dolor sit amet, consectetur adipisicing elit, sed do eiusmod tempor incididunt ut labore et dolore magna aliqua. Ut enim ad minim veniam, quis nostrud exercitation ullamco laboris nisi ut aliquip ex ea commodo consequat. Duis aute irure dolor in reprehenderit in voluptate velit esse cillum dolore eu fugiat nulla pariatur. Excepteur sint occaecat cupidatat non proident, sunt in culpa qui officia deserunt mollit anim id est laborum.\\r\\n<\\/p>\",\"8\":[{\"col1\":\"LA Galaxy\"}],\"7\":[\"Forward\"]}}', '2013-07-18 02:36:47', '2013-07-18 02:36:47', '8231f17a-10ef-4592-a863-5c56422b32bd'),
 ('4', '10', '2', '1', 'en_us', NULL, '{\"authorId\":\"1\",\"title\":\"Stuart Holden\",\"slug\":\"stuart-holden\",\"postDate\":1374196163,\"expiryDate\":null,\"enabled\":1,\"tags\":[],\"fields\":{\"2\":\"<p>\\r\\n\\t<span style=\\\"font-family: Arial, Helvetica, Verdana, Tahoma, sans-serif;\\\">Lorem ipsum dolor sit amet, consectetur adipisicing elit, sed do eiusmod tempor incididunt ut labore et dolore magna aliqua. Ut enim ad minim veniam, quis nostrud exercitation ullamco laboris nisi ut aliquip ex ea commodo consequat. Duis aute irure dolor in reprehenderit in voluptate velit esse cillum dolore eu fugiat nulla pariatur. Excepteur sint occaecat cupidatat non proident, sunt in culpa qui officia deserunt mollit anim id est laborum.<\\/span>\\r\\n<\\/p>\",\"8\":[{\"col1\":\"Bolton Wanderers\"}],\"7\":[\"Midfield\"]}}', '2013-07-19 01:09:24', '2013-07-19 01:09:24', '08c095b4-a51f-4a62-a1e4-07750ca47fae'),
 ('5', '11', '1', '1', 'en_us', NULL, '{\"authorId\":\"1\",\"title\":\"Altidore Back in the Big Leagues: Successful Debut for Sunderland (alter)\",\"slug\":\"altidore-back-in-the-big-leagues-successful-debut-for-sunderland-alter\",\"postDate\":1375292788,\"expiryDate\":null,\"enabled\":1,\"tags\":[],\"fields\":{\"2\":\"<p>\\r\\n\\t After scoring a career-high 31 goals this past season for lightly regarded (and funded) Dutch side AZ Alkmaar, American national Jozy Altidore [date] tomorrow will flash the red-and-white stripes of Sunderland AFC for his first game back in the Premier League since ...\\r\\n<\\/p>\\r\\n<p>\\r\\n\\tIt\\u2019s been several eventful years since the 6\\u20191 striker got l first taste of the World\\u2019s Top League, and he is obviously eager to dispel the notion put forward by one former coach that  he \\\"had no idea what he was doing\\\" on the pitch and \\\"didn\'t understand tactics at all.\\\"\\r\\n<\\/p>\\r\\n<p>\\r\\n\\t <span style=\\\"font-family: Arial, Helvetica, Verdana, Tahoma, sans-serif;\\\">\\\"I have come a long way since then,\\\" said Altidore last month, referring to his disappointing stint with Hull City in the 2009-10 season while on loan from Spanish club Villarreal. \\\"I am almost a different player and I have learned a lot.\\u201d<\\/span>\\r\\n<\\/p>\\r\\n<p>\\r\\n\\t <strong>The Numbers Back Him Up <\\/strong>\\r\\n<\\/p>\\r\\n<p>\\r\\n\\t Consider this:\\r\\n<\\/p>\\r\\n<ul>\\r\\n\\t<li><span style=\\\"font-family: Arial, Helvetica, Verdana, Tahoma, sans-serif;\\\">He set a record for Americans abroad with 31 goals in all competitions (passing American and now fellow Prem leaguer Clint Dempsey).<\\/span><\\/li>\\r\\n\\t<li><span style=\\\"font-family: Arial, Helvetica, Verdana, Tahoma, sans-serif;\\\">Helped AZ win the Dutch Cup.<\\/span><\\/li>\\r\\n\\t<li><span style=\\\"font-family: Arial, Helvetica, Verdana, Tahoma, sans-serif;\\\">Ended a woeful scoring drought with USMNT with goals in four straight games, including this \\u201csumptuous volley\\u201d against Germany (below).<\\/span><\\/li>\\r\\n<\\/ul>\\r\\n<iframe width=\\\"560\\\" height=\\\"315\\\" src=\\\"\\/\\/www.youtube.com\\/embed\\/S7yn7LSufUE\\\" frameborder=\\\"0\\\" allowfullscreen=\\\"\\\">\\r\\n<\\/iframe>\\r\\n<p>\\r\\n\\tAnd the Black Cats will be counting on the strapping striker to provide some much needed finishing touches up front after a poor campaign (last in goals) that ended up as a relegation fight with Wigan and blank\\u2026\\r\\n<\\/p>\\r\\n<p>\\r\\n\\t\\\"Altidore is one of the top strikers in Europe,\\u201d the side\\u2019s Italian boss told the club\'s official website. \\u201cI\'m very happy, curious and excited because I have a very good attacking side at the moment. I\'m really pleased because a new arrival can benefit the squad and also individuals because there is competition up front.\\\"\\r\\n<\\/p>\\r\\n<p>\\r\\n\\tCombine that with the <a href=\\\"http:\\/\\/www1.skysports.com\\/football\\/news\\/11695\\/8819130\\/transfer-news-juventus-to-sell-sunderland-target-emanuele-giaccherini\\\">acquisition of Juventus playmaker<\\/a> Emanuele Giaccherini (make sure) and Altidore can expect some premiere service and creativity.\\r\\n<\\/p>\\r\\n<p>\\r\\n\\t<strong>So What Does This Means for the USMNT?<\\/strong>\\r\\n<\\/p>\\r\\n<p>\\r\\n\\tIt seems the sporting press, as usual, is hunting in packs on this one as the same three or four questions continue to arise to soccer\\u2019s\\u2019 bloggeratie (yes, I said it and its now mine!)\\r\\n<\\/p>\\r\\n<p>\\r\\n\\tGoogle them and you\\u2019ll see 50 articles saying the same things on each topic, trust me.\\r\\n<\\/p>\\r\\n<p>\\r\\n\\tLet\\u2019s address the \\u2018conventional wisdom\\u2019 of each, and tell you why the regurgitaters are wrong in their thinking once again.\\r\\n<\\/p>\\r\\n<ul>\\r\\n\\t<li>Sunderland doesn\\u2019t play the style of soccer that is beneficial to Altidore\\u2019s strengths.<\\/li>\\r\\n\\t<li>striving for so long to find his groove at a European club and to break through with the U.S., why not stay at AZ and carry that momentum into the World Cup<\\/li>\\r\\n<\\/ul>\\r\\n<p>\\r\\n\\tAt Sunderland, Altidore will work with manager Paolo Di Canio, who will employ a traditional 4-4-2 formation at the Stadium of Light this coming season. The system should work to the United States international\\u2019s advantage, as he will be able to work off a more solitary center-forward such as Steven Fletcher while benefiting from the supply of wingers Sebastian Larsson and Stephane Sessegnon.\\r\\n<\\/p>\\r\\n<p>\\r\\n\\tBreakout year for the national team as well.\\r\\n<\\/p>\\r\\n<p>\\r\\n\\tSome background about Gold Cup, Qualifying, Friendlies against german and his 4 goals in 4 games.\\r\\n<\\/p>\\r\\n<p>\\r\\n\\tThen bam\\u2026.\\r\\n<\\/p>\\r\\n<p>\\r\\n\\tHe easily could have elected to remain in the Netherlands next season, basking in the scorer\'s spotlight while posting the sort of numbers that would cement a significant role at the 2014 World Cup. But elite athletes aren\'t wired to play it safe. So now Altidore, 23, is back in England, where on Tuesday he signed a four-year contract with Sunderland following a reported $13 million transfer.\\r\\n<\\/p>\\r\\n<p>\\r\\n\\tI\\u2019ve heard it been argued by some in the sporting press that He may have earned this chance, but after striving for so long to find his groove at a European club and to break through with the U.S., why not stay at AZ and carry that momentum into the World Cup?\\r\\n<\\/p>\\r\\n<p>\\r\\n\\tReally, is that the way to improve? Isn\\u2019t trying to drop in goals against the class of Manchester United, Manchester City, and Chelsea how you get better? Skill vs skill.\\r\\n<\\/p>\\r\\n<p>\\r\\n\\tWould Alex Rodriquez be better off playing against inferior pitching all year and then trying to step in against Mark Vreelander \\u2018s heat after hitting (name) all year?\\r\\n<\\/p>\\r\\n<p>\\r\\n\\tWhile )not me - Coach Paolo di Canio\'s Sunderland side won\'t be looking to possess the ball and build through the midfield like Verbeek\'s AZ, meaning the rhythm and regularity of Altidore\'s service will change. He\'ll have to adapt.\\r\\n<\\/p>\\r\\n<p>\\r\\n\\tYou get better by playing better competition. Period. And nobody was any happier than  Jurgen Klinnsman when Altidore  signed a four-year deal to leave the Dutch league for Sunderland in northeast England.\\r\\n<\\/p>\\r\\n<p>\\r\\n\\tWeakness is turning into a strength\\r\\n<\\/p>\\r\\n<p>\\r\\n\\tWhat was once considered at weakspot at best, upfront on the national team is turning into one of the American Men\\u2019s strench. In fact, no coachin U.S. history has had as many psotive choices as Klinsman will have leading up to Brazil 2014.\\r\\n<\\/p>\\r\\n<p>\\r\\n\\tFind cool chart info upfront\\r\\n<\\/p>\\r\\n<p>\\r\\n\\t it means for the USMNT\\r\\n<\\/p>\\r\\n<p>\\r\\n\\tIt wasn\\u2019t always the case\\r\\n<\\/p>\\r\\n<p>\\r\\n\\tIn a career that was hyped early with tons of promise, until last season Altidore had not lived up to the hype for either his clubs or the United States National Team. After stints the New York Red Bulls, Spanish team Xerez and Turkish club Bursaspo, 2012 was a breakout year for the striker.\\r\\n<\\/p>\\r\\n<p>\\r\\n\\tIn fact, Instead of bringing out the best in Altidore\'s athletic arsenal, however, the EPL exposed his lack of development.\\r\\n<\\/p>\"}}', '2013-07-31 17:46:28', '2013-07-31 17:46:28', 'a6556fde-2eee-47f6-b198-3b0041f0519e'),
 ('6', '10', '2', '1', 'en_us', NULL, '{\"authorId\":\"1\",\"title\":\"Stuart Holden\",\"slug\":\"stuart-holden\",\"postDate\":1374196140,\"expiryDate\":null,\"enabled\":0,\"tags\":[],\"fields\":{\"2\":\"<p>\\r\\n\\t Lorem ipsum dolor sit amet, consectetur adipisicing elit, sed do eiusmod tempor incididunt ut labore et dolore magna aliqua. Ut enim ad minim veniam, quis nostrud exercitation ullamco laboris nisi ut aliquip ex ea commodo consequat. Duis aute irure dolor in reprehenderit in voluptate velit esse cillum dolore eu fugiat nulla pariatur. Excepteur sint occaecat cupidatat non proident, sunt in culpa qui officia deserunt mollit anim id est laborum.\\r\\n<\\/p>\",\"8\":[{\"col1\":\"Bolton Wanderers\"}],\"7\":[\"Midfield\"]}}', '2013-07-31 18:08:30', '2013-07-31 18:08:30', '5b72e32d-ff66-48f4-b905-6a0fe9e13194'),
 ('7', '10', '2', '1', 'en_us', NULL, '{\"authorId\":\"1\",\"title\":\"Stuart Holden\",\"slug\":\"stuart-holden\",\"postDate\":1374196140,\"expiryDate\":null,\"enabled\":1,\"tags\":[],\"fields\":{\"2\":\"<p>\\r\\n\\t  Lorem ipsum dolor sit amet, consectetur adipisicing elit, sed do eiusmod tempor incididunt ut labore et dolore magna aliqua. Ut enim ad minim veniam, quis nostrud exercitation ullamco laboris nisi ut aliquip ex ea commodo consequat. Duis aute irure dolor in reprehenderit in voluptate velit esse cillum dolore eu fugiat nulla pariatur. Excepteur sint occaecat cupidatat non proident, sunt in culpa qui officia deserunt mollit anim id est laborum.\\r\\n<\\/p>\",\"8\":[{\"col1\":\"Bolton Wanderers\"}],\"7\":[\"Midfield\"]}}', '2013-07-31 18:08:58', '2013-07-31 18:08:58', '1c46be1a-8e27-4436-ad5c-b0d5ae5dfc4f'),
 ('8', '11', '1', '1', 'en_us', NULL, '{\"authorId\":\"1\",\"title\":\"Altidore Back in the Big Leagues: Successful Debut for Sunderland (alter)\",\"slug\":\"altidore-back-in-the-big-leagues-successful-debut-for-sunderland-alter\",\"postDate\":1375292760,\"expiryDate\":null,\"enabled\":0,\"tags\":[],\"fields\":{\"2\":\"<p>\\r\\n\\t  After scoring a career-high 31 goals this past season for lightly regarded (and funded) Dutch side AZ Alkmaar, American national Jozy Altidore [date] tomorrow will flash the red-and-white stripes of Sunderland AFC for his first game back in the Premier League since ...\\r\\n<\\/p>\\r\\n<p>\\r\\n\\t It\\u2019s been several eventful years since the 6\\u20191 striker got l first taste of the World\\u2019s Top League, and he is obviously eager to dispel the notion put forward by one former coach that  he \\\"had no idea what he was doing\\\" on the pitch and \\\"didn\'t understand tactics at all.\\\"\\r\\n<\\/p>\\r\\n<p>\\r\\n\\t  \\\"I have come a long way since then,\\\" said Altidore last month, referring to his disappointing stint with Hull City in the 2009-10 season while on loan from Spanish club Villarreal. \\\"I am almost a different player and I have learned a lot.\\u201d\\r\\n<\\/p>\\r\\n<p>\\r\\n\\t<strong>The Numbers Back Him Up <\\/strong>\\r\\n<\\/p>\\r\\n<p>\\r\\n\\t  Consider this:\\r\\n<\\/p>\\r\\n<ul>\\r\\n\\t<li>He set a record for Americans abroad with 31 goals in all competitions (passing American and now fellow Prem leaguer Clint Dempsey).<\\/li>\\r\\n\\t<li>Helped AZ win the Dutch Cup.<\\/li>\\r\\n\\t<li>Ended a woeful scoring drought with USMNT with goals in four straight games, including this \\u201csumptuous volley\\u201d against Germany (below).<\\/li>\\r\\n<\\/ul>\\r\\n<iframe width=\\\"560\\\" height=\\\"315\\\" src=\\\"\\/\\/www.youtube.com\\/embed\\/S7yn7LSufUE\\\" frameborder=\\\"0\\\" allowfullscreen=\\\"\\\">\\r\\n<\\/iframe>\\r\\n<p>\\r\\n\\t And the Black Cats will be counting on the strapping striker to provide some much needed finishing touches up front after a poor campaign (last in goals) that ended up as a relegation fight with Wigan and blank\\u2026\\r\\n<\\/p>\\r\\n<p>\\r\\n\\t \\\"Altidore is one of the top strikers in Europe,\\u201d the side\\u2019s Italian boss told the club\'s official website. \\u201cI\'m very happy, curious and excited because I have a very good attacking side at the moment. I\'m really pleased because a new arrival can benefit the squad and also individuals because there is competition up front.\\\"\\r\\n<\\/p>\\r\\n<p>\\r\\n\\t Combine that with the <a href=\\\"http:\\/\\/www1.skysports.com\\/football\\/news\\/11695\\/8819130\\/transfer-news-juventus-to-sell-sunderland-target-emanuele-giaccherini\\\">acquisition of Juventus playmaker<\\/a> Emanuele Giaccherini (make sure) and Altidore can expect some premiere service and creativity.\\r\\n<\\/p>\\r\\n<p>\\r\\n\\t <strong>So What Does This Means for the USMNT?<\\/strong>\\r\\n<\\/p>\\r\\n<p>\\r\\n\\t It seems the sporting press, as usual, is hunting in packs on this one as the same three or four questions continue to arise to soccer\\u2019s\\u2019 bloggeratie (yes, I said it and its now mine!)\\r\\n<\\/p>\\r\\n<p>\\r\\n\\t Google them and you\\u2019ll see 50 articles saying the same things on each topic, trust me.\\r\\n<\\/p>\\r\\n<p>\\r\\n\\t Let\\u2019s address the \\u2018conventional wisdom\\u2019 of each, and tell you why the regurgitaters are wrong in their thinking once again.\\r\\n<\\/p>\\r\\n<ul>\\r\\n\\t<li>Sunderland doesn\\u2019t play the style of soccer that is beneficial to Altidore\\u2019s strengths.<\\/li>\\r\\n\\t<li>striving for so long to find his groove at a European club and to break through with the U.S., why not stay at AZ and carry that momentum into the World Cup<\\/li>\\r\\n<\\/ul>\\r\\n<p>\\r\\n\\t At Sunderland, Altidore will work with manager Paolo Di Canio, who will employ a traditional 4-4-2 formation at the Stadium of Light this coming season. The system should work to the United States international\\u2019s advantage, as he will be able to work off a more solitary center-forward such as Steven Fletcher while benefiting from the supply of wingers Sebastian Larsson and Stephane Sessegnon.\\r\\n<\\/p>\\r\\n<p>\\r\\n\\t Breakout year for the national team as well.\\r\\n<\\/p>\\r\\n<p>\\r\\n\\t Some background about Gold Cup, Qualifying, Friendlies against german and his 4 goals in 4 games.\\r\\n<\\/p>\\r\\n<p>\\r\\n\\t Then bam\\u2026.\\r\\n<\\/p>\\r\\n<p>\\r\\n\\t He easily could have elected to remain in the Netherlands next season, basking in the scorer\'s spotlight while posting the sort of numbers that would cement a significant role at the 2014 World Cup. But elite athletes aren\'t wired to play it safe. So now Altidore, 23, is back in England, where on Tuesday he signed a four-year contract with Sunderland following a reported $13 million transfer.\\r\\n<\\/p>\\r\\n<p>\\r\\n\\t I\\u2019ve heard it been argued by some in the sporting press that He may have earned this chance, but after striving for so long to find his groove at a European club and to break through with the U.S., why not stay at AZ and carry that momentum into the World Cup?\\r\\n<\\/p>\\r\\n<p>\\r\\n\\t Really, is that the way to improve? Isn\\u2019t trying to drop in goals against the class of Manchester United, Manchester City, and Chelsea how you get better? Skill vs skill.\\r\\n<\\/p>\\r\\n<p>\\r\\n\\t Would Alex Rodriquez be better off playing against inferior pitching all year and then trying to step in against Mark Vreelander \\u2018s heat after hitting (name) all year?\\r\\n<\\/p>\\r\\n<p>\\r\\n\\t While )not me - Coach Paolo di Canio\'s Sunderland side won\'t be looking to possess the ball and build through the midfield like Verbeek\'s AZ, meaning the rhythm and regularity of Altidore\'s service will change. He\'ll have to adapt.\\r\\n<\\/p>\\r\\n<p>\\r\\n\\t You get better by playing better competition. Period. And nobody was any happier than  Jurgen Klinnsman when Altidore  signed a four-year deal to leave the Dutch league for Sunderland in northeast England.\\r\\n<\\/p>\\r\\n<p>\\r\\n\\t Weakness is turning into a strength\\r\\n<\\/p>\\r\\n<p>\\r\\n\\t What was once considered at weakspot at best, upfront on the national team is turning into one of the American Men\\u2019s strench. In fact, no coachin U.S. history has had as many psotive choices as Klinsman will have leading up to Brazil 2014.\\r\\n<\\/p>\\r\\n<p>\\r\\n\\t Find cool chart info upfront\\r\\n<\\/p>\\r\\n<p>\\r\\n\\t  it means for the USMNT\\r\\n<\\/p>\\r\\n<p>\\r\\n\\t It wasn\\u2019t always the case\\r\\n<\\/p>\\r\\n<p>\\r\\n\\t In a career that was hyped early with tons of promise, until last season Altidore had not lived up to the hype for either his clubs or the United States National Team. After stints the New York Red Bulls, Spanish team Xerez and Turkish club Bursaspo, 2012 was a breakout year for the striker.\\r\\n<\\/p>\\r\\n<p>\\r\\n\\t In fact, Instead of bringing out the best in Altidore\'s athletic arsenal, however, the EPL exposed his lack of development.\\r\\n<\\/p>\"}}', '2013-07-31 18:09:06', '2013-07-31 18:09:06', '4191f5ac-bf53-487e-8b56-839eecbdf205'),
 ('10', '11', '1', '1', 'en_us', NULL, '{\"authorId\":\"1\",\"title\":\"Altidore Back in the Big Leagues: Successful Debut for Sunderland (alter)\",\"slug\":\"altidore-back-in-the-big-leagues-successful-debut-for-sunderland-alter\",\"postDate\":1375292760,\"expiryDate\":null,\"enabled\":0,\"fields\":{\"2\":\"<p>\\r\\n\\t<em>\\\"It was a sumptuous volley.\\\" - Ian Dark.<\\/em>\\r\\n<\\/p>\\r\\n<p>\\r\\n\\tSuch superlatives from Sir Ian. And why not? It\'s a safe bet Jozy Altidore has been on the receiving end of this type of praise more than ever in the past year. After scoring a career-high 31 goals in the 2012-2013 season for lightly regarded (and funded) Dutch side AZ Alkmaar, the American national [date] is now flashing the red-and-white stripes of Sunderland AFC in a return trip to the Big League.  his first game back in the Premier League since ...\\r\\n<\\/p>\\r\\n<p>\\r\\n\\tThe 6\\u20191 striker has defintly come a long way since X when one former coach that he \\\"had no idea what he was doing\\\" on the pitch and \\\"didn\'t understand tactics at all.\\\"\\r\\n<\\/p>\\r\\n<p>\\r\\n\\t<br>\\r\\n\\t\\r\\n<\\/p>\\r\\n<p>\\r\\n\\t<br>\\r\\n\\t\\r\\n<\\/p>\\r\\n<p>\\r\\n\\tgot l first taste of the World\\u2019s Top League, and he is obviously eager to dispel the notion put forward by one former coach that  he \\\"had no idea what he was doing\\\" on the pitch and \\\"didn\'t understand tactics at all.\\\"\\r\\n<\\/p>\\r\\n<p>\\r\\n\\t   \\\"I have come a long way since then,\\\" said Altidore last month, referring to his disappointing stint with Hull City in the 2009-10 season while on loan from Spanish club Villarreal. \\\"I am almost a different player and I have learned a lot.\\u201d\\r\\n<\\/p>\\r\\n<p>\\r\\n\\t <strong>The Numbers Back Him Up <\\/strong>\\r\\n<\\/p>\\r\\n<p>\\r\\n\\t   Consider this:\\r\\n<\\/p>\\r\\n<ul>\\r\\n\\t<li>He set a record for Americans abroad with 31 goals in all competitions (passing American and now fellow Prem leaguer Clint Dempsey).<\\/li>\\r\\n\\t<li>Helped AZ win the Dutch Cup.<\\/li>\\r\\n\\t<li>Ended a woeful scoring drought with USMNT with goals in four straight games, including this \\u201csumptuous volley\\u201d against Germany (below).<\\/li>\\r\\n<\\/ul>\\r\\n<iframe width=\\\"560\\\" height=\\\"315\\\" src=\\\"\\/\\/www.youtube.com\\/embed\\/S7yn7LSufUE\\\" frameborder=\\\"0\\\" allowfullscreen=\\\"\\\">\\r\\n<\\/iframe>\\r\\n<p>\\r\\n\\t  And the Black Cats will be counting on the strapping striker to provide some much needed finishing touches up front after a poor campaign (last in goals) that ended up as a relegation fight with Wigan and blank\\u2026\\r\\n<\\/p>\\r\\n<p>\\r\\n\\t  \\\"Altidore is one of the top strikers in Europe,\\u201d the side\\u2019s Italian boss told the club\'s official website. \\u201cI\'m very happy, curious and excited because I have a very good attacking side at the moment. I\'m really pleased because a new arrival can benefit the squad and also individuals because there is competition up front.\\\"\\r\\n<\\/p>\\r\\n<p>\\r\\n\\t  Combine that with the <a href=\\\"http:\\/\\/www1.skysports.com\\/football\\/news\\/11695\\/8819130\\/transfer-news-juventus-to-sell-sunderland-target-emanuele-giaccherini\\\">acquisition of Juventus playmaker<\\/a> Emanuele Giaccherini (make sure) and Altidore can expect some premiere service and creativity.\\r\\n<\\/p>\\r\\n<p>\\r\\n\\t<strong>So What Does This Means for the USMNT?<\\/strong>\\r\\n<\\/p>\\r\\n<p>\\r\\n\\t  It seems the sporting press, as usual, is hunting in packs on this one as the same three or four questions continue to arise to soccer\\u2019s\\u2019 bloggeratie (yes, I said it and its now mine!)\\r\\n<\\/p>\\r\\n<p>\\r\\n\\t  Google them and you\\u2019ll see 50 articles saying the same things on each topic, trust me.\\r\\n<\\/p>\\r\\n<p>\\r\\n\\t  Let\\u2019s address the \\u2018conventional wisdom\\u2019 of each, and tell you why the regurgitaters are wrong in their thinking once again.\\r\\n<\\/p>\\r\\n<ul>\\r\\n\\t<li>Sunderland doesn\\u2019t play the style of soccer that is beneficial to Altidore\\u2019s strengths.<\\/li>\\r\\n\\t<li>striving for so long to find his groove at a European club and to break through with the U.S., why not stay at AZ and carry that momentum into the World Cup<\\/li>\\r\\n<\\/ul>\\r\\n<p>\\r\\n\\t  At Sunderland, Altidore will work with manager Paolo Di Canio, who will employ a traditional 4-4-2 formation at the Stadium of Light this coming season. The system should work to the United States international\\u2019s advantage, as he will be able to work off a more solitary center-forward such as Steven Fletcher while benefiting from the supply of wingers Sebastian Larsson and Stephane Sessegnon.\\r\\n<\\/p>\\r\\n<p>\\r\\n\\t  Breakout year for the national team as well.\\r\\n<\\/p>\\r\\n<p>\\r\\n\\t  Some background about Gold Cup, Qualifying, Friendlies against german and his 4 goals in 4 games.\\r\\n<\\/p>\\r\\n<p>\\r\\n\\t  Then bam\\u2026.\\r\\n<\\/p>\\r\\n<p>\\r\\n\\t  He easily could have elected to remain in the Netherlands next season, basking in the scorer\'s spotlight while posting the sort of numbers that would cement a significant role at the 2014 World Cup. But elite athletes aren\'t wired to play it safe. So now Altidore, 23, is back in England, where on Tuesday he signed a four-year contract with Sunderland following a reported $13 million transfer.\\r\\n<\\/p>\\r\\n<p>\\r\\n\\t  I\\u2019ve heard it been argued by some in the sporting press that He may have earned this chance, but after striving for so long to find his groove at a European club and to break through with the U.S., why not stay at AZ and carry that momentum into the World Cup?\\r\\n<\\/p>\\r\\n<p>\\r\\n\\t  Really, is that the way to improve? Isn\\u2019t trying to drop in goals against the class of Manchester United, Manchester City, and Chelsea how you get better? Skill vs skill.\\r\\n<\\/p>\\r\\n<p>\\r\\n\\t  Would Alex Rodriquez be better off playing against inferior pitching all year and then trying to step in against Mark Vreelander \\u2018s heat after hitting (name) all year?\\r\\n<\\/p>\\r\\n<p>\\r\\n\\t  While )not me - Coach Paolo di Canio\'s Sunderland side won\'t be looking to possess the ball and build through the midfield like Verbeek\'s AZ, meaning the rhythm and regularity of Altidore\'s service will change. He\'ll have to adapt.\\r\\n<\\/p>\\r\\n<p>\\r\\n\\t  You get better by playing better competition. Period. And nobody was any happier than  Jurgen Klinnsman when Altidore  signed a four-year deal to leave the Dutch league for Sunderland in northeast England.\\r\\n<\\/p>\\r\\n<p>\\r\\n\\t  Weakness is turning into a strength\\r\\n<\\/p>\\r\\n<p>\\r\\n\\t  What was once considered at weakspot at best, upfront on the national team is turning into one of the American Men\\u2019s strench. In fact, no coachin U.S. history has had as many psotive choices as Klinsman will have leading up to Brazil 2014.\\r\\n<\\/p>\\r\\n<p>\\r\\n\\t  Find cool chart info upfront\\r\\n<\\/p>\\r\\n<p>\\r\\n\\t   it means for the USMNT\\r\\n<\\/p>\\r\\n<p>\\r\\n\\t  It wasn\\u2019t always the case\\r\\n<\\/p>\\r\\n<p>\\r\\n\\t  In a career that was hyped early with tons of promise, until last season Altidore had not lived up to the hype for either his clubs or the United States National Team. After stints the New York Red Bulls, Spanish team Xerez and Turkish club Bursaspo, 2012 was a breakout year for the striker.\\r\\n<\\/p>\\r\\n<p>\\r\\n\\t  In fact, Instead of bringing out the best in Altidore\'s athletic arsenal, however, the EPL exposed his lack of development.\\r\\n<\\/p>\"}}', '2013-08-02 21:34:45', '2013-08-02 21:34:45', '18518944-a5b0-4ad4-b0b6-c3a12176e819'),
 ('11', '11', '1', '1', 'en_us', NULL, '{\"authorId\":\"1\",\"title\":\"Altidore Back in the Big Leagues Means \",\"slug\":\"altidore-back-in-the-big-leagues-successful-debut-for-sunderland-alter\",\"postDate\":1375292760,\"expiryDate\":null,\"enabled\":0,\"fields\":{\"2\":\"<p>\\r\\n\\t <em>\\\"It was a sumptuous volley.\\\" - Ian Dark.<\\/em>\\r\\n<\\/p>\\r\\n<p>\\r\\n\\t Such superlatives from Sir Ian. And why not? It\'s a safe bet Jozy Altidore has been on the receiving end of this type of praise more than ever in the past year. After scoring a career-high 31 goals in the 2012-2013 season for lightly regarded (and funded) Dutch side AZ Alkmaar, the American international [date] is now flashing the red-and-white stripes of Sunderland AFC in a return trip to the Big League.\\r\\n<\\/p>\\r\\n<p>\\r\\n\\tAnd he already doubled his goals\\r\\n<\\/p>\\r\\n<p>\\r\\n\\this first game back in the Premier League since ...\\r\\n<\\/p>\\r\\n<p>\\r\\n\\t The 6\\u20191 striker has defintly come a long way since X when one former coach that he \\\"had no idea what he was doing\\\" on the pitch and \\\"didn\'t understand tactics at all.\\\"\\r\\n<\\/p>\\r\\n<p>\\r\\n\\t got l first taste of the World\\u2019s Top League, and he is obviously eager to dispel the notion put forward by one former coach that  he \\\"had no idea what he was doing\\\" on the pitch and \\\"didn\'t understand tactics at all.\\\"\\r\\n<\\/p>\\r\\n<p>\\r\\n\\t    \\\"I have come a long way since then,\\\" said Altidore last month, referring to his disappointing stint with Hull City in the 2009-10 season while on loan from Spanish club Villarreal. \\\"I am almost a different player and I have learned a lot.\\u201d\\r\\n<\\/p>\\r\\n<p>\\r\\n\\t<strong>The Numbers Back Him Up <\\/strong>\\r\\n<\\/p>\\r\\n<p>\\r\\n\\t    Consider this:\\r\\n<\\/p>\\r\\n<ul>\\r\\n\\t<li>He set a record for Americans abroad with 31 goals in all competitions (passing American and now fellow Prem leaguer Clint Dempsey).<\\/li>\\r\\n\\t<li>Helped AZ win the Dutch Cup.<\\/li>\\r\\n\\t<li>Ended a woeful scoring drought with USMNT with goals in four straight games, including this \\u201csumptuous volley\\u201d against Germany (below).<\\/li>\\r\\n<\\/ul>\\r\\n<iframe width=\\\"560\\\" height=\\\"315\\\" src=\\\"\\/\\/www.youtube.com\\/embed\\/S7yn7LSufUE\\\" frameborder=\\\"0\\\" allowfullscreen=\\\"\\\">\\r\\n<\\/iframe>\\r\\n<p>\\r\\n\\t   And the Black Cats will be counting on the strapping striker to provide some much needed finishing touches up front after a poor campaign (last in goals) that ended up as a relegation fight with Wigan and blank\\u2026\\r\\n<\\/p>\\r\\n<p>\\r\\n\\t   \\\"Altidore is one of the top strikers in Europe,\\u201d the side\\u2019s Italian boss told the club\'s official website. \\u201cI\'m very happy, curious and excited because I have a very good attacking side at the moment. I\'m really pleased because a new arrival can benefit the squad and also individuals because there is competition up front.\\\"\\r\\n<\\/p>\\r\\n<p>\\r\\n\\t   Combine that with the <a href=\\\"http:\\/\\/www1.skysports.com\\/football\\/news\\/11695\\/8819130\\/transfer-news-juventus-to-sell-sunderland-target-emanuele-giaccherini\\\">acquisition of Juventus playmaker<\\/a> Emanuele Giaccherini (make sure) and Altidore can expect some premiere service and creativity.\\r\\n<\\/p>\\r\\n<p>\\r\\n\\t <strong>So What Does This Means for the USMNT?<\\/strong>\\r\\n<\\/p>\\r\\n<p>\\r\\n\\t   It seems the sporting press, as usual, is hunting in packs on this one as the same three or four questions continue to arise to soccer\\u2019s\\u2019 bloggeratie (yes, I said it and its now mine!)\\r\\n<\\/p>\\r\\n<p>\\r\\n\\t   Google them and you\\u2019ll see 50 articles saying the same things on each topic, trust me.\\r\\n<\\/p>\\r\\n<p>\\r\\n\\t   Let\\u2019s address the \\u2018conventional wisdom\\u2019 of each, and tell you why the regurgitaters are wrong in their thinking once again.\\r\\n<\\/p>\\r\\n<ul>\\r\\n\\t<li>Sunderland doesn\\u2019t play the style of soccer that is beneficial to Altidore\\u2019s strengths.<\\/li>\\r\\n\\t<li>striving for so long to find his groove at a European club and to break through with the U.S., why not stay at AZ and carry that momentum into the World Cup<\\/li>\\r\\n<\\/ul>\\r\\n<p>\\r\\n\\t   At Sunderland, Altidore will work with manager Paolo Di Canio, who will employ a traditional 4-4-2 formation at the Stadium of Light this coming season. The system should work to the United States international\\u2019s advantage, as he will be able to work off a more solitary center-forward such as Steven Fletcher while benefiting from the supply of wingers Sebastian Larsson and Stephane Sessegnon.\\r\\n<\\/p>\\r\\n<p>\\r\\n\\t   Breakout year for the national team as well.\\r\\n<\\/p>\\r\\n<p>\\r\\n\\t   Some background about Gold Cup, Qualifying, Friendlies against german and his 4 goals in 4 games.\\r\\n<\\/p>\\r\\n<p>\\r\\n\\t   Then bam\\u2026.\\r\\n<\\/p>\\r\\n<p>\\r\\n\\t   He easily could have elected to remain in the Netherlands next season, basking in the scorer\'s spotlight while posting the sort of numbers that would cement a significant role at the 2014 World Cup. But elite athletes aren\'t wired to play it safe. So now Altidore, 23, is back in England, where on Tuesday he signed a four-year contract with Sunderland following a reported $13 million transfer.\\r\\n<\\/p>\\r\\n<p>\\r\\n\\t   I\\u2019ve heard it been argued by some in the sporting press that He may have earned this chance, but after striving for so long to find his groove at a European club and to break through with the U.S., why not stay at AZ and carry that momentum into the World Cup?\\r\\n<\\/p>\\r\\n<p>\\r\\n\\t   Really, is that the way to improve? Isn\\u2019t trying to drop in goals against the class of Manchester United, Manchester City, and Chelsea how you get better? Skill vs skill.\\r\\n<\\/p>\\r\\n<p>\\r\\n\\t   Would Alex Rodriquez be better off playing against inferior pitching all year and then trying to step in against Mark Vreelander \\u2018s heat after hitting (name) all year?\\r\\n<\\/p>\\r\\n<p>\\r\\n\\t   While )not me - Coach Paolo di Canio\'s Sunderland side won\'t be looking to possess the ball and build through the midfield like Verbeek\'s AZ, meaning the rhythm and regularity of Altidore\'s service will change. He\'ll have to adapt.\\r\\n<\\/p>\\r\\n<p>\\r\\n\\t   You get better by playing better competition. Period. And nobody was any happier than  Jurgen Klinnsman when Altidore  signed a four-year deal to leave the Dutch league for Sunderland in northeast England.\\r\\n<\\/p>\\r\\n<p>\\r\\n\\t   Weakness is turning into a strength\\r\\n<\\/p>\\r\\n<p>\\r\\n\\t   What was once considered at weakspot at best, upfront on the national team is turning into one of the American Men\\u2019s strench. In fact, no coachin U.S. history has had as many psotive choices as Klinsman will have leading up to Brazil 2014.\\r\\n<\\/p>\\r\\n<p>\\r\\n\\t   Find cool chart info upfront\\r\\n<\\/p>\\r\\n<p>\\r\\n\\t    it means for the USMNT\\r\\n<\\/p>\\r\\n<p>\\r\\n\\t   It wasn\\u2019t always the case\\r\\n<\\/p>\\r\\n<p>\\r\\n\\t   In a career that was hyped early with tons of promise, until last season Altidore had not lived up to the hype for either his clubs or the United States National Team. After stints the New York Red Bulls, Spanish team Xerez and Turkish club Bursaspo, 2012 was a breakout year for the striker.\\r\\n<\\/p>\\r\\n<p>\\r\\n\\t   In fact, Instead of bringing out the best in Altidore\'s athletic arsenal, however, the EPL exposed his lack of development.\\r\\n<\\/p>\"}}', '2013-08-02 21:42:04', '2013-08-02 21:42:04', '9c8a280d-7604-4bad-9a13-3661e66a0df9'),
 ('12', '13', '1', '1', 'en_us', NULL, '{\"authorId\":\"1\",\"title\":\"Best Goals in 2013 Gold Cup \",\"slug\":\"best-goals-in-2013-gold-cup\",\"postDate\":1375554934,\"expiryDate\":null,\"enabled\":1,\"fields\":{\"2\":\"<p>\\r\\n\\tAn impressive amount of talent was on display at the CONCACAF Gold Cup this summer and despite relatively low goal totals, some incredible shots were taken and made. (Our apologies to those who would suggest we are xenophobes at Kick Republic. The reason for so many Americans on the list is the USMNT scored the most goals by far (20 vs. X for X).\\r\\n<\\/p>\\r\\n<p>\\r\\n\\tHere are our top four. Let us know if we missed any @kickrepublic\\r\\n<\\/p>\\r\\n<ul>\\r\\n\\t<li>Luis Montes is ahead of the game for Mexico against Panama.<\\/li>\\r\\n<\\/ul>\\r\\n<p>\\r\\n\\tI\\u2019m not sure what the announcer is saying, but I imagine it went something like this: Marco Fabian sends it across the box, and oh my! Luis Montes, the little guy! Heads it into the back of the net!\\r\\n<\\/p>\\r\\n<a href=\\\"http:\\/\\/youtu.be\\/Pl9N4g0pfzE\\\">http:\\/\\/youtu.be\\/Pl9N4g0pfzE<\\/a><br>\\r\\n<ul>\\r\\n\\t<li>Eddie Johnson for the United States against El Salvador<\\/li>\\r\\n<\\/ul>\\r\\n<p>\\r\\n\\tI\\u2019m sure somewhere; in some prison Wesley Snipes is griping you stole his moves (and look!).\\r\\n<\\/p>\\r\\n<a href=\\\"http:\\/\\/www.youtube.com\\/watch?v=uoafq4_Db8E\\\">http:\\/\\/www.youtube.com\\/watch?v=uoafq4_Db8E<\\/a>\\r\\n<ul>\\r\\n\\t<li>Landon Donovan for the United States against Hondorus<\\/li>\\r\\n<\\/ul>\\r\\n<p>\\r\\n\\tThe usual class touch and finish from arguably America\\u2019s best player ever, Landon Donovan. BTW, how about a little more juice in the call fellas? I thought I was listening to Jim Nance call the 14th hole at Augusta on day one. And Coby, please work on that monotone color work.\\r\\n<\\/p>\\r\\n<p>\\r\\n\\t<a href=\\\"http:\\/\\/youtu.be\\/VovT3pNArrc\\\">http:\\/\\/youtu.be\\/VovT3pNArrc<\\/a>\\r\\n<\\/p>\\r\\n<ul>\\r\\n\\t<li>Chris Wondolowski for the United States against Cuba<\\/li>\\r\\n<\\/ul>\\r\\n<p>\\r\\n\\tWondo started the tournament scorching hot but was ridding the pine the last few games. Sill, this goal is a nice touch.\\r\\n<\\/p>\\r\\nhttp:\\/\\/youtu.be\\/Etxw1ag8wUM\"}}', '2013-08-03 18:35:35', '2013-08-03 18:35:35', 'c7f098b0-c588-4202-ba34-8c8fb727f443'),
 ('13', '13', '1', '1', 'en_us', NULL, '{\"authorId\":\"1\",\"title\":\"Best Goals of the 2013 Gold Cup \",\"slug\":\"best-goals-in-2013-gold-cup\",\"postDate\":1375554900,\"expiryDate\":null,\"enabled\":1,\"fields\":{\"2\":\"<p>\\r\\n\\t An impressive amount of talent was on display at the CONCACAF Gold Cup this summer and despite relatively low goal totals, some incredible shots were taken and made. (Our apologies to those who would suggest we are xenophobes at Kick Republic. The reason for so many Americans on the list is the USMNT scored the most goals by far (20 vs. X for X).\\r\\n<\\/p>\\r\\n<p>\\r\\n\\t Here are our top four. Let us know if we missed any @kickrepublic\\r\\n<\\/p>\\r\\n<ul>\\r\\n\\t<li>Luis Montes is ahead of the game for Mexico against Panama.<\\/li>\\r\\n<\\/ul>\\r\\n<p>\\r\\n\\t I\\u2019m not sure what the announcer is saying, but I imagine it went something like this: Marco Fabian sends it across the box, and oh my! Luis Montes, the little guy! Heads it into the back of the net!\\r\\n<\\/p>\\r\\n<p>\\r\\n\\t<a href=\\\"http:\\/\\/youtu.be\\/Pl9N4g0pfzE\\\">http:\\/\\/youtu.be\\/Pl9N4g0pfzE<\\/a>\\r\\n<\\/p>\\r\\n<ul>\\r\\n\\t<li>Eddie Johnson for the United States against El Salvador<\\/li>\\r\\n<\\/ul>\\r\\n<p>\\r\\n\\t I\\u2019m sure somewhere; in some prison Wesley Snipes is griping you stole his moves (and look!).\\r\\n<\\/p>\\r\\n<p>\\r\\n\\t<a href=\\\"http:\\/\\/www.youtube.com\\/watch?v=uoafq4_Db8E\\\">http:\\/\\/www.youtube.com\\/watch?v=uoafq4_Db8E<\\/a>\\r\\n<\\/p>\\r\\n<ul>\\r\\n\\t<li>Landon Donovan for the United States against Hondorus<\\/li>\\r\\n<\\/ul>\\r\\n<p>\\r\\n\\t The usual class touch and finish from arguably America\\u2019s best player ever, Landon Donovan. BTW, how about a little more juice in the call fellas? I thought I was listening to Jim Nance call the 14th hole at Augusta on day one. And Coby, please work on that monotone color work.\\r\\n<\\/p>\\r\\n<p>\\r\\n\\t <a href=\\\"http:\\/\\/youtu.be\\/VovT3pNArrc\\\">http:\\/\\/youtu.be\\/VovT3pNArrc<\\/a>\\r\\n<\\/p>\\r\\n<ul>\\r\\n\\t<li>Chris Wondolowski for the United States against Cuba<\\/li>\\r\\n<\\/ul>\\r\\n<p>\\r\\n\\t Wondo started the tournament scorching hot but was ridding the pine the last few games. Sill, this goal is a nice touch.\\r\\n<\\/p>\\r\\n<p>\\r\\n\\thttp:\\/\\/youtu.be\\/Etxw1ag8wUM\\r\\n<\\/p>\"}}', '2013-08-03 18:36:55', '2013-08-03 18:36:55', '69a595de-6dc7-4611-a465-4fdac187019a'),
 ('14', '13', '1', '1', 'en_us', NULL, '{\"authorId\":\"1\",\"title\":\"Best Goals of the 2013 Gold Cup \",\"slug\":\"best-goals-in-2013-gold-cup\",\"postDate\":1375554900,\"expiryDate\":null,\"enabled\":0,\"fields\":{\"2\":\"<p>\\r\\n\\t            An impressive amount of talent was on display at the CONCACAF Gold Cup this summer and despite relatively low goal totals, some incredible shots were taken and made. (Our apologies to those who would suggest we are xenophobes at Kick Republic. The reason for so many Americans on the list is the USMNT scored the most goals by far (20 vs. X for X).\\r\\n<\\/p>\\r\\n<p>\\r\\n\\t            Here are our top four. Let us know if we missed any @kickrepubli\\r\\n<\\/p>\\r\\n<p>\\r\\n\\t <strong>The Domolition Man, AKA, Eddie Johnson for the United States against El Salvador<\\/strong>\\r\\n<\\/p>\\r\\n<p>\\r\\n\\t     I\\u2019m sure somewhere, in some prison Wesley Snipes is griping \\\"you stole my moves -and look!.\\\"\\r\\n<\\/p>\\r\\n<iframe width=\\\"560\\\" height=\\\"315\\\" src=\\\"\\/\\/www.youtube.com\\/embed\\/uoafq4_Db8E\\\" frameborder=\\\"0\\\" allowfullscreen=\\\"\\\">\\r\\n<\\/iframe>\\r\\n<p>\\r\\n\\t <strong>Luis Montes is ahead of the game for Mexico against Panama<\\/strong>\\r\\n<\\/p>\\r\\n<p>\\r\\n\\t            I\\u2019m not sure what the announcer is saying, but I imagine it went something like this: Marco Fabian sends it across the box, and oh my! Luis Montes, the little guy! Heads it into the back of the net!\\r\\n<\\/p>\\r\\n<iframe width=\\\"420\\\" height=\\\"315\\\" src=\\\"\\/\\/www.youtube.com\\/embed\\/Pl9N4g0pfzE\\\" frameborder=\\\"0\\\" allowfullscreen=\\\"\\\">\\r\\n<\\/iframe>\\r\\n<p>\\r\\n\\t<strong>Landon Donovan for the United States against Honduras<\\/strong>\\r\\n<\\/p>\\r\\n<p>\\r\\n\\t     The usual class touch and finish from arguably America\\u2019s best ever player. BTW, how about a little more juice in the call fellows? I thought I was listening to Jim Nance call the 14th hole on day one. And Coby, please work on that monotone color commentating. It\\u2019s atrocious.\\r\\n<\\/p>\\r\\n<iframe width=\\\"560\\\" height=\\\"315\\\" src=\\\"\\/\\/www.youtube.com\\/embed\\/VovT3pNArrc\\\" frameborder=\\\"0\\\" allowfullscreen=\\\"\\\">\\r\\n<\\/iframe>\\r\\n<p>\\r\\n\\t <strong>Chris Wondolowski for the United States against Cuba<\\/strong>\\r\\n<\\/p>\\r\\n<p>\\r\\n\\t   Wondo started the tournament scorching hot but was ridding the pine the last few games. Still, a deft touch of a pretty pass from Beckerman = sweet goal!\\r\\n<\\/p>\\r\\n<iframe width=\\\"560\\\" height=\\\"315\\\" src=\\\"\\/\\/www.youtube.com\\/embed\\/Etxw1ag8wUM\\\" frameborder=\\\"0\\\" allowfullscreen=\\\"\\\">\\r\\n<\\/iframe>\\r\\n<p>\\r\\n\\t  Now we are left wanting more. How many more days until Brazil?\\r\\n<\\/p>\"}}', '2013-08-05 17:48:37', '2013-08-05 17:48:37', '44660ce8-5e20-4b59-a232-7679a9d6182e'),
 ('15', '14', '1', '1', 'en_us', NULL, '{\"authorId\":\"1\",\"title\":\"Dempsey Back to MLS?\",\"slug\":\"dempsey-back-to-mls\",\"postDate\":1375725180,\"expiryDate\":null,\"enabled\":1,\"fields\":{\"2\":\"<p>\\r\\n\\tIntormation to come\\r\\n<\\/p>\"}}', '2013-08-05 17:53:20', '2013-08-05 17:53:20', 'd6c39efd-1161-4a74-a137-f19de3350b10'),
 ('16', '15', '1', '1', 'en_us', NULL, '{\"authorId\":\"1\",\"title\":\"\\u200bWe\\u2019re Number 19! U.S. Cracks Top 20 in FIFA Rankings\",\"slug\":\"were-number-19-u-s-cracks-top-20-in-fifa-rankings\",\"postDate\":1376055890,\"expiryDate\":null,\"enabled\":1,\"fields\":{\"2\":\"<p>\\r\\n\\tIMAGE\\r\\n<\\/p>\\r\\n<p>\\r\\n\\tSo maybe it doesn\\u2019t have the same ring as \\u201cWe\\u2019re Number One\\u201d but climbing back into the top 20 FIFA rankings feels pretty good for American soccer fans, especially considering obnoxious regional rival Mexico dropped a spot behind the USMNT.\\r\\n<\\/p>\\r\\n<p>\\r\\n\\tIn recent years much ink has been spilt (see the Kick Republic Rankings here) regarding the arbitrary nature of these rankings and the relatively meaninglessness effect they have around the world. However,\\r\\n<\\/p>\\r\\n<p>\\r\\n\\tHowever, this year FIFA will be using the standings as a factor when it awards the seedings in the World Cup draw, which will be held in Brazil in December.\\r\\n<\\/p>\\r\\n<p>\\r\\n\\tAnd any NCAA basketball fan will tell you a middling team (sorry USA) can go a long way with the right draw! I mean really, VCU?\\r\\n<\\/p>\\r\\n<p>\\r\\n\\tBack to the World\\u2019s greatest game\\r\\n<\\/p>\\r\\n<p>\\r\\n\\tAfter a run of 11 straight victories, including winning the Concacaf Gold Cup championship, United States men\\u2019s national team deserves its new position.\\r\\n<\\/p>\\r\\n<p>\\r\\n\\t\\u201cIt\\u2019s a sign of consistency. It\\u2019s a sign that the guys are willing to take things seriously and become 24\\/7 professionals. It\\u2019s a sign that they want to go to Brazil in 2014 and be a part of that,\\u201d said United States Coach Jurgen Klinsmann. \\u201cAnd it\\u2019s a re of a lot of hard work we\\u2019ve put in there since two years.\\u201d\\r\\n<\\/p>\\r\\n<p>\\r\\n\\t1 Spain<br>\\r\\n\\t2 Germany<br>\\r\\n\\t3 Colombia<br>\\r\\n\\t4 Argentina<br>\\r\\n\\t5 Netherlands<br>\\r\\n\\t6 Italy<br>\\r\\n\\t7 Portugal<br>\\r\\n\\t8 Croatia<br>\\r\\n\\t9 Brazil<br>\\r\\n\\t10 Belgium<br>\\r\\n\\t11 Greece<br>\\r\\n\\t12 Uruguay<br>\\r\\n\\t13 Bosnia-Herzegovina<br>\\r\\n\\t14 England<br>\\r\\n\\t15 Switzerland<br>\\r\\n\\t16 Russia<br>\\r\\n\\t17 Ecuador<br>\\r\\n\\t18 C\\u00f4te d\'Ivoire<br>\\r\\n\\t19 USA<br>\\r\\n\\t20 Mexico\\r\\n<\\/p>\"}}', '2013-08-09 13:44:50', '2013-08-09 13:44:50', '3fea45ec-ca75-4300-bb17-cc246d0652b1'),
 ('17', '15', '1', '1', 'en_us', NULL, '{\"authorId\":\"1\",\"title\":\"\\u200bWe\\u2019re Number 19! U.S. Cracks Top 20 in FIFA Rankings\",\"slug\":\"were-number-19-u-s-cracks-top-20-in-fifa-rankings\",\"postDate\":1376055840,\"expiryDate\":null,\"enabled\":1,\"fields\":{\"2\":\"<p>\\r\\n\\tSo maybe it doesn\\u2019t have the same ring as \\u201cWe\\u2019re Number One\\u201d but climbing back into the top 20 FIFA rankings feels pretty good for American soccer fans, especially considering obnoxious regional rival Mexico dropped a spot behind the USMNT.\\r\\n<\\/p>\\r\\n<p>\\r\\n\\t In recent years much ink has been spilt (see the Kick Republic Rankings here) regarding the arbitrary nature of these rankings and the relatively meaninglessness effect they have around the world. However,\\r\\n<\\/p>\\r\\n<p>\\r\\n\\t However, this year FIFA will be using the standings as a factor when it awards the seedings in the World Cup draw, which will be held in Brazil in December.\\r\\n<\\/p>\\r\\n<p>\\r\\n\\t And any NCAA basketball fan will tell you a middling team (sorry USA) can go a long way with the right draw! I mean really, VCU?\\r\\n<\\/p>\\r\\n<p>\\r\\n\\t Back to the World\\u2019s greatest game\\r\\n<\\/p>\\r\\n<p>\\r\\n\\t After a run of 11 straight victories, including winning the Concacaf Gold Cup championship, United States men\\u2019s national team deserves its new position.\\r\\n<\\/p>\\r\\n<p>\\r\\n\\t \\u201cIt\\u2019s a sign of consistency. It\\u2019s a sign that the guys are willing to take things seriously and become 24\\/7 professionals. It\\u2019s a sign that they want to go to Brazil in 2014 and be a part of that,\\u201d said United States Coach Jurgen Klinsmann. \\u201cAnd it\\u2019s a re of a lot of hard work we\\u2019ve put in there since two years.\\u201d\\r\\n<\\/p>\\r\\n<p>\\r\\n\\t 1 Spain<br>\\r\\n\\t 2 Germany<br>\\r\\n\\t 3 Colombia<br>\\r\\n\\t 4 Argentina<br>\\r\\n\\t 5 Netherlands<br>\\r\\n\\t 6 Italy<br>\\r\\n\\t 7 Portugal<br>\\r\\n\\t 8 Croatia<br>\\r\\n\\t 9 Brazil<br>\\r\\n\\t 10 Belgium<br>\\r\\n\\t 11 Greece<br>\\r\\n\\t 12 Uruguay<br>\\r\\n\\t 13 Bosnia-Herzegovina<br>\\r\\n\\t 14 England<br>\\r\\n\\t 15 Switzerland<br>\\r\\n\\t 16 Russia<br>\\r\\n\\t 17 Ecuador<br>\\r\\n\\t 18 C\\u00f4te d\'Ivoire<br>\\r\\n\\t 19 USA<br>\\r\\n\\t 20 Mexico\\r\\n<\\/p>\",\"20\":[\"16\"]}}', '2013-08-24 18:34:06', '2013-08-24 18:34:06', '95eb8172-0e50-4ae5-9b3f-6790c4638e00'),
 ('18', '13', '1', '1', 'en_us', NULL, '{\"authorId\":\"1\",\"title\":\"Best Goals of the 2013 Gold Cup \",\"slug\":\"best-goals-in-2013-gold-cup\",\"postDate\":1375554900,\"expiryDate\":null,\"enabled\":1,\"fields\":{\"2\":\"<p>\\r\\n\\t             An impressive amount of talent was on display at the CONCACAF Gold Cup this summer and despite relatively low goal totals, some incredible shots were taken and made. (Our apologies to those who would suggest we are xenophobes at Kick Republic. The reason for so many Americans on the list is the USMNT scored the most goals by far (20 vs. X for X).\\r\\n<\\/p>\\r\\n<p>\\r\\n\\t             Here are our top four. Let us know if we missed any @kickrepubli\\r\\n<\\/p>\\r\\n<p>\\r\\n\\t<strong>The Domolition Man, AKA, Eddie Johnson for the United States against El Salvador<\\/strong>\\r\\n<\\/p>\\r\\n<p>\\r\\n\\t      I\\u2019m sure somewhere, in some prison Wesley Snipes is griping \\\"you stole my moves -and look!.\\\"\\r\\n<\\/p>\\r\\n<iframe width=\\\"560\\\" height=\\\"315\\\" src=\\\"\\/\\/www.youtube.com\\/embed\\/uoafq4_Db8E\\\" frameborder=\\\"0\\\" allowfullscreen=\\\"\\\">\\r\\n<\\/iframe>\\r\\n<p>\\r\\n\\t<strong>Luis Montes is ahead of the game for Mexico against Panama<\\/strong>\\r\\n<\\/p>\\r\\n<p>\\r\\n\\t             I\\u2019m not sure what the announcer is saying, but I imagine it went something like this: Marco Fabian sends it across the box, and oh my! Luis Montes, the little guy! Heads it into the back of the net!\\r\\n<\\/p>\\r\\n<iframe width=\\\"420\\\" height=\\\"315\\\" src=\\\"\\/\\/www.youtube.com\\/embed\\/Pl9N4g0pfzE\\\" frameborder=\\\"0\\\" allowfullscreen=\\\"\\\">\\r\\n<\\/iframe>\\r\\n<p>\\r\\n\\t <strong>Landon Donovan for the United States against Honduras<\\/strong>\\r\\n<\\/p>\\r\\n<p>\\r\\n\\t      The usual class touch and finish from arguably America\\u2019s best ever player. BTW, how about a little more juice in the call fellows? I thought I was listening to Jim Nance call the 14th hole on day one. And Coby, please work on that monotone color commentating. It\\u2019s atrocious.\\r\\n<\\/p>\\r\\n<iframe width=\\\"560\\\" height=\\\"315\\\" src=\\\"\\/\\/www.youtube.com\\/embed\\/VovT3pNArrc\\\" frameborder=\\\"0\\\" allowfullscreen=\\\"\\\">\\r\\n<\\/iframe>\\r\\n<p>\\r\\n\\t<strong>Chris Wondolowski for the United States against Cuba<\\/strong>\\r\\n<\\/p>\\r\\n<p>\\r\\n\\t    Wondo started the tournament scorching hot but was ridding the pine the last few games. Still, a deft touch of a pretty pass from Beckerman = sweet goal!\\r\\n<\\/p>\\r\\n<iframe width=\\\"560\\\" height=\\\"315\\\" src=\\\"\\/\\/www.youtube.com\\/embed\\/Etxw1ag8wUM\\\" frameborder=\\\"0\\\" allowfullscreen=\\\"\\\">\\r\\n<\\/iframe>\\r\\n<p>\\r\\n\\t   Now we are left wanting more. How many more days until Brazil?\\r\\n<\\/p>\"}}', '2013-08-24 18:35:05', '2013-08-24 18:35:05', '01a7a147-b5c7-40fc-b9a4-596a240cbc55'),
 ('19', '14', '1', '1', 'en_us', NULL, '{\"authorId\":\"1\",\"title\":\"Dempsey Back to MLS?\",\"slug\":\"dempsey-back-to-mls\",\"postDate\":1375725180,\"expiryDate\":null,\"enabled\":1,\"fields\":{\"2\":\"<p>\\r\\n\\t Intormation to come\\r\\n<\\/p>\",\"20\":[\"17\"]}}', '2013-08-24 18:35:27', '2013-08-24 18:35:27', '6b6c0b6f-a80b-4a50-930b-3699ded86055'),
 ('20', '13', '1', '1', 'en_us', NULL, '{\"authorId\":\"1\",\"title\":\"Best Goals of the 2013 Gold Cup \",\"slug\":\"best-goals-in-2013-gold-cup\",\"postDate\":1375554900,\"expiryDate\":null,\"enabled\":1,\"fields\":{\"2\":\"<p>\\r\\n\\t              An impressive amount of talent was on display at the CONCACAF Gold Cup this summer and despite relatively low goal totals, some incredible shots were taken and made. (Our apologies to those who would suggest we are xenophobes at Kick Republic. The reason for so many Americans on the list is the USMNT scored the most goals by far (20 vs. X for X).\\r\\n<\\/p>\\r\\n<p>\\r\\n\\t              Here are our top four. Let us know if we missed any @kickrepubli\\r\\n<\\/p>\\r\\n<p>\\r\\n\\t <strong>The Domolition Man, AKA, Eddie Johnson for the United States against El Salvador<\\/strong>\\r\\n<\\/p>\\r\\n<p>\\r\\n\\t       I\\u2019m sure somewhere, in some prison Wesley Snipes is griping \\\"you stole my moves -and look!.\\\"\\r\\n<\\/p>\\r\\n<iframe width=\\\"560\\\" height=\\\"315\\\" src=\\\"\\/\\/www.youtube.com\\/embed\\/uoafq4_Db8E\\\" frameborder=\\\"0\\\" allowfullscreen=\\\"\\\">\\r\\n<\\/iframe>\\r\\n<p>\\r\\n\\t <strong>Luis Montes is ahead of the game for Mexico against Panama<\\/strong>\\r\\n<\\/p>\\r\\n<p>\\r\\n\\t              I\\u2019m not sure what the announcer is saying, but I imagine it went something like this: Marco Fabian sends it across the box, and oh my! Luis Montes, the little guy! Heads it into the back of the net!\\r\\n<\\/p>\\r\\n<iframe width=\\\"420\\\" height=\\\"315\\\" src=\\\"\\/\\/www.youtube.com\\/embed\\/Pl9N4g0pfzE\\\" frameborder=\\\"0\\\" allowfullscreen=\\\"\\\">\\r\\n<\\/iframe>\\r\\n<p>\\r\\n\\t<strong>Landon Donovan for the United States against Honduras<\\/strong>\\r\\n<\\/p>\\r\\n<p>\\r\\n\\t       The usual class touch and finish from arguably America\\u2019s best ever player. BTW, how about a little more juice in the call fellows? I thought I was listening to Jim Nance call the 14th hole on day one. And Coby, please work on that monotone color commentating. It\\u2019s atrocious.\\r\\n<\\/p>\\r\\n<iframe width=\\\"560\\\" height=\\\"315\\\" src=\\\"\\/\\/www.youtube.com\\/embed\\/VovT3pNArrc\\\" frameborder=\\\"0\\\" allowfullscreen=\\\"\\\">\\r\\n<\\/iframe>\\r\\n<p>\\r\\n\\t <strong>Chris Wondolowski for the United States against Cuba<\\/strong>\\r\\n<\\/p>\\r\\n<p>\\r\\n\\t     Wondo started the tournament scorching hot but was ridding the pine the last few games. Still, a deft touch of a pretty pass from Beckerman = sweet goal!\\r\\n<\\/p>\\r\\n<iframe width=\\\"560\\\" height=\\\"315\\\" src=\\\"\\/\\/www.youtube.com\\/embed\\/Etxw1ag8wUM\\\" frameborder=\\\"0\\\" allowfullscreen=\\\"\\\">\\r\\n<\\/iframe>\\r\\n<p>\\r\\n\\t    Now we are left wanting more. How many more days until Brazil?\\r\\n<\\/p>\",\"20\":[\"19\"]}}', '2013-08-24 21:56:32', '2013-08-24 21:56:32', '8ffcdf10-206f-4d01-ae89-e293c3c94a38');
COMMIT;


--
-- Schema for table `craft_fieldgroups`
--

DROP TABLE IF EXISTS `craft_fieldgroups`;

CREATE TABLE `craft_fieldgroups` (
  `id` int(11) NOT NULL AUTO_INCREMENT,
  `name` varchar(100) COLLATE utf8_unicode_ci NOT NULL,
  `dateCreated` datetime NOT NULL,
  `dateUpdated` datetime NOT NULL,
  `uid` char(36) COLLATE utf8_unicode_ci NOT NULL DEFAULT '0',
  PRIMARY KEY (`id`),
  UNIQUE KEY `craft_fieldgroups_name_unq_idx` (`name`)
) ENGINE=InnoDB AUTO_INCREMENT=9 DEFAULT CHARSET=utf8 COLLATE=utf8_unicode_ci;

--
-- Data for table `craft_fieldgroups`
--

BEGIN;
INSERT INTO `craft_fieldgroups` (`id`, `name`, `dateCreated`, `dateUpdated`, `uid`) VALUES
 ('1', 'Default', '2013-07-16 01:38:28', '2013-07-16 01:38:28', '15d9a49a-6411-4935-ba1a-3bf018126169'),
 ('2', 'USMNT', '2013-07-16 12:44:40', '2013-07-18 02:09:15', 'e0b3d27d-0cce-4d02-9cde-7c7176744c56'),
 ('3', 'Players', '2013-07-16 12:54:42', '2013-07-16 12:54:42', 'bd44b986-a19c-47ba-8832-499dd56f2368'),
 ('4', 'Ranking', '2013-07-16 13:08:17', '2013-07-16 13:08:17', 'a1dd33b4-0a48-40f6-a2e8-42f1ef7a7520'),
 ('5', 'News', '2013-07-17 14:09:59', '2013-07-17 14:09:59', '62889d51-4dfd-41bc-9109-af254edda96e'),
 ('6', 'Social', '2013-07-17 15:44:50', '2013-07-18 02:00:17', '8be38b07-78df-487f-a413-e5fa617f342c'),
 ('7', 'About', '2013-07-18 02:10:41', '2013-07-18 02:10:41', 'e667afba-5abf-4790-a906-18b22dd6c51a'),
 ('8', 'Tags (Auto-created)', '2013-08-02 00:46:17', '2013-08-02 00:46:17', '574a8040-ef70-46b0-bb3a-67d0315a1386');
COMMIT;


--
-- Schema for table `craft_fieldlayoutfields`
--

DROP TABLE IF EXISTS `craft_fieldlayoutfields`;

CREATE TABLE `craft_fieldlayoutfields` (
  `id` int(11) NOT NULL AUTO_INCREMENT,
  `layoutId` int(11) NOT NULL,
  `tabId` int(11) DEFAULT NULL,
  `fieldId` int(11) NOT NULL,
  `required` tinyint(1) unsigned NOT NULL DEFAULT '0',
  `sortOrder` tinyint(4) DEFAULT NULL,
  `dateCreated` datetime NOT NULL,
  `dateUpdated` datetime NOT NULL,
  `uid` char(36) COLLATE utf8_unicode_ci NOT NULL DEFAULT '0',
  PRIMARY KEY (`id`),
  UNIQUE KEY `craft_fieldlayoutfields_layoutId_fieldId_unq_idx` (`layoutId`,`fieldId`),
  KEY `craft_fieldlayoutfields_sortOrder_idx` (`sortOrder`),
  KEY `craft_fieldlayoutfields_tabId_fk` (`tabId`),
  KEY `craft_fieldlayoutfields_fieldId_fk` (`fieldId`)
) ENGINE=InnoDB AUTO_INCREMENT=65 DEFAULT CHARSET=utf8 COLLATE=utf8_unicode_ci;

--
-- Data for table `craft_fieldlayoutfields`
--

BEGIN;
INSERT INTO `craft_fieldlayoutfields` (`id`, `layoutId`, `tabId`, `fieldId`, `required`, `sortOrder`, `dateCreated`, `dateUpdated`, `uid`) VALUES
 ('14', '11', '5', '2', '0', '1', '2013-07-17 13:21:57', '2013-07-17 13:21:57', '987424b1-2b76-478d-8be4-360dc4bb49bc'),
 ('15', '11', '5', '6', '0', '2', '2013-07-17 13:21:57', '2013-07-17 13:21:57', 'b812fdc3-b1ee-4a8a-ac4f-4d5fd6c61ca9'),
 ('16', '11', '5', '7', '0', '3', '2013-07-17 13:21:57', '2013-07-17 13:21:57', 'd62afb18-b343-40dd-a279-e7b0c2cc9637'),
 ('17', '11', '5', '8', '0', '4', '2013-07-17 13:21:57', '2013-07-17 13:21:57', 'fb4344c1-c7dc-4fe7-a832-210d466917bf'),
 ('49', '26', NULL, '11', '0', '1', '2013-07-18 02:15:43', '2013-07-18 02:15:43', 'da63fd7d-1dfa-40b1-b805-7356628024fb'),
 ('50', '26', NULL, '13', '0', '2', '2013-07-18 02:15:43', '2013-07-18 02:15:43', 'b427e544-379d-4be9-89db-27a0aa5dda9f'),
 ('51', '26', NULL, '12', '0', '3', '2013-07-18 02:15:43', '2013-07-18 02:15:43', '313f4b84-baf2-47aa-a9ab-b7f162e66fb7'),
 ('52', '26', NULL, '17', '0', '4', '2013-07-18 02:15:43', '2013-07-18 02:15:43', '270f1852-26cb-46bd-a6c4-746d363cd728'),
 ('53', '29', NULL, '16', '0', '1', '2013-07-21 15:06:02', '2013-07-21 15:06:02', 'dc5bcc68-2391-45b9-8acf-8a0044dd854b'),
 ('54', '29', NULL, '18', '0', '2', '2013-07-21 15:06:02', '2013-07-21 15:06:02', '8f34f7ac-d1c3-4e83-a82d-5e11ac94d372'),
 ('55', '30', NULL, '14', '0', '1', '2013-07-21 19:38:15', '2013-07-21 19:38:15', '5e73f562-6423-4065-a040-5877d76c5893'),
 ('56', '30', NULL, '9', '0', '2', '2013-07-21 19:38:15', '2013-07-21 19:38:15', 'a399cdf3-226e-4bc0-b67c-7650ccc8d9be'),
 ('57', '31', NULL, '4', '0', '1', '2013-07-21 20:32:13', '2013-07-21 20:32:13', 'f1be364a-9b56-4161-afaa-fd509c7a4967'),
 ('58', '31', NULL, '3', '0', '2', '2013-07-21 20:32:13', '2013-07-21 20:32:13', 'd8a76d9f-c2f3-4a30-9c4a-12bbd627baa2'),
 ('59', '31', NULL, '19', '0', '3', '2013-07-21 20:32:13', '2013-07-21 20:32:13', 'c64c3220-c56d-4e59-9db1-2506af0d0a1c'),
 ('60', '31', NULL, '15', '0', '4', '2013-07-21 20:32:13', '2013-07-21 20:32:13', 'eb50cb5d-4114-4300-b11a-d5b5834eb924'),
 ('61', '31', NULL, '5', '0', '5', '2013-07-21 20:32:13', '2013-07-21 20:32:13', '27ead5e0-a79b-423b-93cc-9a1630425137'),
 ('62', '32', '7', '2', '1', '1', '2013-07-31 17:59:40', '2013-07-31 17:59:40', '2331bf26-9051-4041-91f1-b5d123600c98'),
 ('63', '32', '7', '20', '0', '2', '2013-07-31 17:59:40', '2013-07-31 17:59:40', '686721a3-61e8-444d-bf66-de7b459f6cda'),
 ('64', '32', '7', '10', '0', '3', '2013-07-31 17:59:40', '2013-07-31 17:59:40', '70d4bc11-ceb2-4f66-ba7c-ef0a96f19703');
COMMIT;


--
-- Schema for table `craft_fieldlayouts`
--

DROP TABLE IF EXISTS `craft_fieldlayouts`;

CREATE TABLE `craft_fieldlayouts` (
  `id` int(11) NOT NULL AUTO_INCREMENT,
  `type` char(150) COLLATE utf8_unicode_ci NOT NULL,
  `dateCreated` datetime NOT NULL,
  `dateUpdated` datetime NOT NULL,
  `uid` char(36) COLLATE utf8_unicode_ci NOT NULL DEFAULT '0',
  PRIMARY KEY (`id`),
  KEY `craft_fieldlayouts_type_idx` (`type`)
) ENGINE=InnoDB AUTO_INCREMENT=33 DEFAULT CHARSET=utf8 COLLATE=utf8_unicode_ci;

--
-- Data for table `craft_fieldlayouts`
--

BEGIN;
INSERT INTO `craft_fieldlayouts` (`id`, `type`, `dateCreated`, `dateUpdated`, `uid`) VALUES
 ('11', 'Entry', '2013-07-17 13:21:57', '2013-07-17 13:21:57', '672b7299-8783-4bfb-8b74-f001448b8895'),
 ('26', 'GlobalSet', '2013-07-18 02:15:43', '2013-07-18 02:15:43', 'd5f1f6f4-c64d-4626-9dfa-3f9bb17c0e65'),
 ('29', 'GlobalSet', '2013-07-21 15:06:02', '2013-07-21 15:06:02', '24c8e0f4-bd63-4906-a11d-43554c1c2031'),
 ('30', 'GlobalSet', '2013-07-21 19:38:15', '2013-07-21 19:38:15', '50cffbec-5c06-467d-b2da-0291a8a076c0'),
 ('31', 'GlobalSet', '2013-07-21 20:32:13', '2013-07-21 20:32:13', 'e27c0f10-fa24-4551-898f-2d2a19c12ae5'),
 ('32', 'Entry', '2013-07-31 17:59:40', '2013-07-31 17:59:40', 'f7582ff7-5e7e-4cba-bc4e-c6081b9872e6');
COMMIT;


--
-- Schema for table `craft_fieldlayouttabs`
--

DROP TABLE IF EXISTS `craft_fieldlayouttabs`;

CREATE TABLE `craft_fieldlayouttabs` (
  `id` int(11) NOT NULL AUTO_INCREMENT,
  `layoutId` int(11) NOT NULL,
  `name` varchar(100) COLLATE utf8_unicode_ci DEFAULT NULL,
  `sortOrder` tinyint(4) DEFAULT NULL,
  `dateCreated` datetime NOT NULL,
  `dateUpdated` datetime NOT NULL,
  `uid` char(36) COLLATE utf8_unicode_ci NOT NULL DEFAULT '0',
  PRIMARY KEY (`id`),
  KEY `craft_fieldlayouttabs_sortOrder_idx` (`sortOrder`),
  KEY `craft_fieldlayouttabs_layoutId_fk` (`layoutId`)
) ENGINE=InnoDB AUTO_INCREMENT=8 DEFAULT CHARSET=utf8 COLLATE=utf8_unicode_ci;

--
-- Data for table `craft_fieldlayouttabs`
--

BEGIN;
INSERT INTO `craft_fieldlayouttabs` (`id`, `layoutId`, `name`, `sortOrder`, `dateCreated`, `dateUpdated`, `uid`) VALUES
 ('5', '11', 'Player', '1', '2013-07-17 13:21:57', '2013-07-17 13:21:57', 'b2f1abe7-f69c-4a85-bdba-2360ca810a9a'),
 ('7', '32', 'Content', '1', '2013-07-31 17:59:40', '2013-07-31 17:59:40', '94c0d921-172f-4c75-a6aa-54d2c37dacf7');
COMMIT;


--
-- Schema for table `craft_fields`
--

DROP TABLE IF EXISTS `craft_fields`;

CREATE TABLE `craft_fields` (
  `id` int(11) NOT NULL AUTO_INCREMENT,
  `groupId` int(11) DEFAULT NULL,
  `name` varchar(100) COLLATE utf8_unicode_ci NOT NULL,
  `handle` char(64) COLLATE utf8_unicode_ci NOT NULL,
  `instructions` text COLLATE utf8_unicode_ci,
  `translatable` tinyint(1) unsigned NOT NULL DEFAULT '0',
  `type` char(150) COLLATE utf8_unicode_ci NOT NULL,
  `settings` text COLLATE utf8_unicode_ci,
  `dateCreated` datetime NOT NULL,
  `dateUpdated` datetime NOT NULL,
  `uid` char(36) COLLATE utf8_unicode_ci NOT NULL DEFAULT '0',
  PRIMARY KEY (`id`),
  UNIQUE KEY `craft_fields_handle_unq_idx` (`handle`),
  KEY `craft_fields_groupId_fk` (`groupId`)
) ENGINE=InnoDB AUTO_INCREMENT=22 DEFAULT CHARSET=utf8 COLLATE=utf8_unicode_ci;

--
-- Data for table `craft_fields`
--

BEGIN;
INSERT INTO `craft_fields` (`id`, `groupId`, `name`, `handle`, `instructions`, `translatable`, `type`, `settings`, `dateCreated`, `dateUpdated`, `uid`) VALUES
 ('1', '1', 'Heading', 'heading', NULL, '1', 'PlainText', NULL, '2013-07-16 01:38:28', '2013-07-16 01:38:28', 'e8c9f37c-80fe-40a5-9264-f1a7c66199f2'),
 ('2', '1', 'Body', 'body', NULL, '1', 'RichText', '{\"configFile\":\"Standard.json\"}', '2013-07-16 01:38:28', '2013-07-16 01:38:28', 'c6fe48b0-d8bb-44a9-aa7f-1ab9abf34557'),
 ('3', '2', 'Bio', 'team_bio', 'Descriptive text of USMNT', '0', 'RichText', '{\"configFile\":\"\",\"cleanupHtml\":\"1\"}', '2013-07-16 12:45:18', '2013-07-16 12:45:40', 'cf6012a1-00e1-45c9-914e-13a64664bfe8'),
 ('4', '2', 'Photo', 'team_photo', '', '0', 'Assets', '{\"sources\":\"*\",\"limit\":\"1\"}', '2013-07-16 12:46:25', '2013-07-16 12:46:25', '800e5f81-5372-4ff1-bb0b-2e22a6031063'),
 ('5', '2', 'Current Ranking', 'team_ranking', '', '0', 'Number', '{\"min\":\"1\",\"max\":\"100\",\"decimals\":\"\"}', '2013-07-16 12:48:35', '2013-07-16 13:01:00', '0a939a3f-4a9d-4387-8e03-f2eae488ae18'),
 ('6', '3', 'Photo', 'player_photo', '', '0', 'Assets', '{\"sources\":\"*\",\"limit\":\"1\"}', '2013-07-16 12:55:10', '2013-07-16 12:55:10', '53480f2a-85c2-446f-88d1-6f3a6284bec9'),
 ('7', '3', 'Position', 'player_position', '', '0', 'MultiSelect', '{\"options\":[{\"label\":\"Forward\",\"value\":\"Forward\",\"default\":\"\"},{\"label\":\"Midfield\",\"value\":\"Midfield\",\"default\":\"\"},{\"label\":\"Defender\",\"value\":\"Defender\",\"default\":\"\"},{\"label\":\"Goalie\",\"value\":\"Goalie\",\"default\":\"\"}]}', '2013-07-16 12:58:36', '2013-07-16 12:58:36', 'fd1b4527-8bd3-4860-97c7-4ee2a33a5d22'),
 ('8', '3', 'Clubs', 'player_clubs', '', '0', 'Table', '{\"columns\":{\"col1\":{\"heading\":\"Club\",\"handle\":\"player_club\",\"width\":\"\",\"type\":\"singleline\"}},\"defaults\":{\"row1\":{\"col1\":\"\"}}}', '2013-07-16 13:00:35', '2013-07-17 14:08:46', '6551a770-914d-4c67-a158-e43aa4bed027'),
 ('9', '4', 'Ranking', 'ranking', '', '0', 'Table', '{\"columns\":{\"col1\":{\"heading\":\"Nation\",\"handle\":\"nation\",\"width\":\"30%\",\"type\":\"singleline\"},\"col2\":{\"heading\":\"Info\",\"handle\":\"nation_info\",\"width\":\"70%\",\"type\":\"multiline\"}},\"defaults\":{\"row1\":{\"col1\":\"\",\"col2\":\"\"}}}', '2013-07-16 13:11:26', '2013-07-17 14:57:36', '44ef64fb-554d-4f3f-9341-3d7afcc1b519'),
 ('10', '5', 'Related Players', 'related_players', '', '0', 'Entries', '{\"sources\":[\"section:2\"],\"limit\":\"\"}', '2013-07-17 14:10:43', '2013-07-17 14:10:43', '887992e6-6d78-4e89-9c47-7d1bc695812b'),
 ('11', '5', 'Featured Posts', 'featured_posts', '', '0', 'Entries', '{\"sources\":[\"section:1\"],\"limit\":\"5\"}', '2013-07-17 14:19:21', '2013-07-17 14:19:21', '15db75f3-2226-4eb8-ba7f-5130285e9c7f'),
 ('12', '6', 'Twitter', 'twitter', 'Twitter handle', '0', 'PlainText', '{\"placeholder\":\"\",\"multiline\":\"\",\"initialRows\":\"4\"}', '2013-07-17 15:45:15', '2013-07-17 15:45:15', '6d5953fe-b8fa-410f-8baf-3b4bce04e484'),
 ('13', '6', 'Facebook', 'facebook', 'Facebook URL', '0', 'PlainText', '{\"placeholder\":\"\",\"multiline\":\"\",\"initialRows\":\"4\"}', '2013-07-17 15:45:32', '2013-07-17 15:45:32', 'b7819888-b53f-4671-91f0-3929681200de'),
 ('14', '4', 'Intro', 'ranking_intro', '', '0', 'RichText', '{\"configFile\":\"\",\"cleanupHtml\":\"1\"}', '2013-07-18 01:55:58', '2013-07-18 01:55:58', '2db4c766-0cfc-4072-a719-346235d691bd'),
 ('15', '2', 'Current Roster', 'current_roster', '', '0', 'Entries', '{\"sources\":[\"section:2\"],\"limit\":\"\"}', '2013-07-18 02:03:36', '2013-07-18 02:57:23', '887e4003-37ce-4a70-94f6-b5150116bf32'),
 ('16', '7', 'Purpose', 'purpose', 'Why this site exists.', '0', 'RichText', '{\"configFile\":\"\",\"cleanupHtml\":\"1\"}', '2013-07-18 02:11:28', '2013-07-18 02:11:28', '12ec153a-991b-490d-8fd7-4b15ba4cc44f'),
 ('17', '6', 'Email', 'email', '', '0', 'PlainText', '{\"placeholder\":\"\",\"multiline\":\"\",\"initialRows\":\"4\"}', '2013-07-18 02:13:17', '2013-07-18 02:13:17', '41f6d68a-c688-494f-b33d-74bea79d8c8e'),
 ('18', '7', 'Writers', 'writers', '', '0', 'Table', '{\"columns\":{\"col1\":{\"heading\":\"Name\",\"handle\":\"writer_name\",\"width\":\"\",\"type\":\"singleline\"},\"col2\":{\"heading\":\"Bio\",\"handle\":\"writer_bio\",\"width\":\"\",\"type\":\"multiline\"}},\"defaults\":{\"row1\":{\"col1\":\"\",\"col2\":\"\"}}}', '2013-07-21 14:50:59', '2013-07-21 14:52:13', '6529d5c2-4d4a-4e2a-ac82-158806a6ec28'),
 ('19', '2', 'Coach', 'coach', '', '0', 'Table', '{\"columns\":{\"col1\":{\"heading\":\"Name\",\"handle\":\"coach_name\",\"width\":\"\",\"type\":\"singleline\"},\"col2\":{\"heading\":\"Bio\",\"handle\":\"coach_bio\",\"width\":\"\",\"type\":\"singleline\"}},\"defaults\":{\"row1\":{\"col1\":\"\",\"col2\":\"\"}}}', '2013-07-21 20:15:38', '2013-07-21 20:15:38', 'd9d36356-4501-4e86-9388-59904f79f203'),
 ('20', '5', 'Featured Image', 'news_image', '', '0', 'Assets', '{\"sources\":\"*\",\"limit\":\"1\"}', '2013-07-31 17:59:14', '2013-07-31 17:59:14', '8faa9d99-b080-4ddb-9e0e-a27ade332643'),
 ('21', '8', 'Tags', 'tags', NULL, '0', 'Tags', '{\"source\":\"tagset:1\"}', '2013-08-02 00:46:17', '2013-08-02 00:46:17', '7ddb0ffa-3267-4b91-90a3-74f1ae76213f');
COMMIT;


--
-- Schema for table `craft_globalsets`
--

DROP TABLE IF EXISTS `craft_globalsets`;

CREATE TABLE `craft_globalsets` (
  `id` int(11) NOT NULL,
  `name` varchar(100) COLLATE utf8_unicode_ci NOT NULL,
  `handle` char(45) COLLATE utf8_unicode_ci NOT NULL,
  `fieldLayoutId` int(10) DEFAULT NULL,
  `dateCreated` datetime NOT NULL,
  `dateUpdated` datetime NOT NULL,
  `uid` char(36) COLLATE utf8_unicode_ci NOT NULL DEFAULT '0',
  PRIMARY KEY (`id`),
  UNIQUE KEY `craft_globalsets_name_unq_idx` (`name`),
  UNIQUE KEY `craft_globalsets_handle_unq_idx` (`handle`),
  KEY `craft_globalsets_fieldLayoutId_fk` (`fieldLayoutId`)
) ENGINE=InnoDB DEFAULT CHARSET=utf8 COLLATE=utf8_unicode_ci;

--
-- Data for table `craft_globalsets`
--

BEGIN;
INSERT INTO `craft_globalsets` (`id`, `name`, `handle`, `fieldLayoutId`, `dateCreated`, `dateUpdated`, `uid`) VALUES
 ('2', 'Social and Contact', 'global', '26', '2013-07-16 01:38:28', '2013-07-18 02:15:43', '30784720-be73-4861-bc95-e89ed51366b5'),
 ('5', 'USMNT', 'team', '31', '2013-07-16 12:44:25', '2013-07-21 20:32:13', '61328184-42d4-4ada-a782-461bdacd0397'),
 ('8', 'International Rankings', 'rankings', '30', '2013-07-17 14:16:25', '2013-07-21 19:38:15', 'c843d08a-3ccf-4c70-8154-c194d25214ef'),
 ('9', 'About', 'about', '29', '2013-07-18 02:07:53', '2013-07-21 15:06:02', 'f0c4c56e-bcbf-472f-b1a4-07df7bc41d8a');
COMMIT;


--
-- Schema for table `craft_info`
--

DROP TABLE IF EXISTS `craft_info`;

CREATE TABLE `craft_info` (
  `id` int(11) NOT NULL AUTO_INCREMENT,
  `version` char(15) COLLATE utf8_unicode_ci NOT NULL,
  `build` int(11) unsigned NOT NULL,
  `packages` varchar(200) COLLATE utf8_unicode_ci DEFAULT NULL,
  `releaseDate` datetime NOT NULL,
  `siteName` varchar(100) COLLATE utf8_unicode_ci NOT NULL,
  `siteUrl` varchar(255) COLLATE utf8_unicode_ci NOT NULL,
  `timezone` varchar(30) COLLATE utf8_unicode_ci DEFAULT NULL,
  `on` tinyint(1) unsigned NOT NULL DEFAULT '0',
  `maintenance` tinyint(1) unsigned NOT NULL DEFAULT '0',
  `track` varchar(40) COLLATE utf8_unicode_ci NOT NULL,
  `dateCreated` datetime NOT NULL,
  `dateUpdated` datetime NOT NULL,
  `uid` char(36) COLLATE utf8_unicode_ci NOT NULL DEFAULT '0',
  PRIMARY KEY (`id`)
) ENGINE=InnoDB AUTO_INCREMENT=2 DEFAULT CHARSET=utf8 COLLATE=utf8_unicode_ci;

--
-- Data for table `craft_info`
--

BEGIN;
INSERT INTO `craft_info` (`id`, `version`, `build`, `packages`, `releaseDate`, `siteName`, `siteUrl`, `timezone`, `on`, `maintenance`, `track`, `dateCreated`, `dateUpdated`, `uid`) VALUES
 ('1', '1.1', '2304', 'PublishPro', '2013-08-19 23:48:20', 'Kick Republic', 'http://kickrepublic.dev', 'UTC', '1', '1', 'stable', '2013-07-16 01:38:25', '2013-08-29 16:55:24', '687443b4-3a5a-49f5-9965-2ff864281860');
COMMIT;


--
-- Schema for table `craft_locales`
--

DROP TABLE IF EXISTS `craft_locales`;

CREATE TABLE `craft_locales` (
  `locale` char(12) COLLATE utf8_unicode_ci NOT NULL,
  `sortOrder` tinyint(4) DEFAULT NULL,
  `dateCreated` datetime NOT NULL,
  `dateUpdated` datetime NOT NULL,
  `uid` char(36) COLLATE utf8_unicode_ci NOT NULL DEFAULT '0',
  PRIMARY KEY (`locale`)
) ENGINE=InnoDB DEFAULT CHARSET=utf8 COLLATE=utf8_unicode_ci;

--
-- Data for table `craft_locales`
--

BEGIN;
INSERT INTO `craft_locales` (`locale`, `sortOrder`, `dateCreated`, `dateUpdated`, `uid`) VALUES
 ('en_us', '1', '2013-07-16 01:38:26', '2013-07-16 01:38:26', '515151d4-0e03-40d1-88fd-4b625fdea03e');
COMMIT;


--
-- Schema for table `craft_migrations`
--

DROP TABLE IF EXISTS `craft_migrations`;

CREATE TABLE `craft_migrations` (
  `id` int(11) NOT NULL AUTO_INCREMENT,
  `pluginId` int(11) DEFAULT NULL,
  `version` varchar(255) COLLATE utf8_unicode_ci NOT NULL,
  `applyTime` datetime NOT NULL,
  `dateCreated` datetime NOT NULL,
  `dateUpdated` datetime NOT NULL,
  `uid` char(36) COLLATE utf8_unicode_ci NOT NULL DEFAULT '0',
  PRIMARY KEY (`id`),
  UNIQUE KEY `craft_migrations_version_unq_idx` (`version`),
  KEY `craft_migrations_pluginId_fk` (`pluginId`)
) ENGINE=InnoDB AUTO_INCREMENT=9 DEFAULT CHARSET=utf8 COLLATE=utf8_unicode_ci;

--
-- Data for table `craft_migrations`
--

BEGIN;
INSERT INTO `craft_migrations` (`id`, `pluginId`, `version`, `applyTime`, `dateCreated`, `dateUpdated`, `uid`) VALUES
 ('1', NULL, 'm000000_000000_base', '2013-07-16 01:38:26', '2013-07-16 01:38:26', '2013-07-16 01:38:26', 'd9bd4634-73ca-443c-9db2-b3c650360caf'),
 ('2', NULL, 'm130729_000000_titles', '2013-08-02 00:46:10', '2013-08-02 00:46:10', '2013-08-02 00:46:10', '78d9e382-98fe-49de-8268-d1b1f4776707'),
 ('3', NULL, 'm130729_000001_tags', '2013-08-02 00:46:17', '2013-08-02 00:46:17', '2013-08-02 00:46:17', '6eb14da2-ee46-440b-a7ac-a0392adbe402'),
 ('4', NULL, 'm130730_000000_fix_tags_fieldlayout', '2013-08-24 15:48:59', '2013-08-24 15:48:59', '2013-08-24 15:48:59', '40f2c31f-2547-4e37-81e7-42642fce58eb'),
 ('5', NULL, 'm130805_193351_drop_orphaned_field_layouts', '2013-08-24 15:48:59', '2013-08-24 15:48:59', '2013-08-24 15:48:59', '9472a7d0-a545-4dce-917f-040763380fd7'),
 ('6', NULL, 'm130805_193360_add_cascade_delete_to_relations_retro', '2013-08-24 15:49:02', '2013-08-24 15:49:02', '2013-08-24 15:49:02', '5eda779e-b07e-41a9-a187-8e677390e5e5'),
 ('7', NULL, 'm130806_000000_drop_orphaned_elements', '2013-08-24 15:49:02', '2013-08-24 15:49:02', '2013-08-24 15:49:02', 'cc412e9d-2ec7-4c0e-a95b-da5a962b5f3c'),
 ('8', NULL, 'm130815_000000_add_cascade_delete_to_relations_again', '2013-08-24 15:49:05', '2013-08-24 15:49:05', '2013-08-24 15:49:05', 'e032a913-1a57-4b2b-841f-b4d15bc3b536');
COMMIT;


--
-- Schema for table `craft_plugins`
--

DROP TABLE IF EXISTS `craft_plugins`;

CREATE TABLE `craft_plugins` (
  `id` int(11) NOT NULL AUTO_INCREMENT,
  `class` char(150) COLLATE utf8_unicode_ci NOT NULL,
  `version` char(15) COLLATE utf8_unicode_ci NOT NULL,
  `enabled` tinyint(1) unsigned NOT NULL DEFAULT '0',
  `settings` text COLLATE utf8_unicode_ci,
  `installDate` datetime NOT NULL,
  `dateCreated` datetime NOT NULL,
  `dateUpdated` datetime NOT NULL,
  `uid` char(36) COLLATE utf8_unicode_ci NOT NULL DEFAULT '0',
  PRIMARY KEY (`id`)
) ENGINE=InnoDB DEFAULT CHARSET=utf8 COLLATE=utf8_unicode_ci;

--
-- Schema for table `craft_rackspaceaccess`
--

DROP TABLE IF EXISTS `craft_rackspaceaccess`;

CREATE TABLE `craft_rackspaceaccess` (
  `id` int(11) NOT NULL AUTO_INCREMENT,
  `connectionKey` varchar(255) COLLATE utf8_unicode_ci NOT NULL,
  `token` varchar(255) COLLATE utf8_unicode_ci NOT NULL,
  `storageUrl` varchar(255) COLLATE utf8_unicode_ci NOT NULL,
  `cdnUrl` varchar(255) COLLATE utf8_unicode_ci NOT NULL,
  `dateCreated` datetime NOT NULL,
  `dateUpdated` datetime NOT NULL,
  `uid` char(36) COLLATE utf8_unicode_ci NOT NULL DEFAULT '0',
  PRIMARY KEY (`id`),
  UNIQUE KEY `craft_rackspaceaccess_connectionKey_unq_idx` (`connectionKey`)
) ENGINE=InnoDB DEFAULT CHARSET=utf8 COLLATE=utf8_unicode_ci;

--
-- Schema for table `craft_relations`
--

DROP TABLE IF EXISTS `craft_relations`;

CREATE TABLE `craft_relations` (
  `id` int(11) NOT NULL AUTO_INCREMENT,
  `fieldId` int(11) NOT NULL,
  `parentId` int(11) NOT NULL,
  `childId` int(11) NOT NULL,
  `sortOrder` tinyint(4) DEFAULT NULL,
  `dateCreated` datetime NOT NULL,
  `dateUpdated` datetime NOT NULL,
  `uid` char(36) COLLATE utf8_unicode_ci NOT NULL DEFAULT '0',
  PRIMARY KEY (`id`),
  UNIQUE KEY `craft_relations_fieldId_parentId_childId_unq_idx` (`fieldId`,`parentId`,`childId`),
  KEY `craft_relations_childId_fk` (`childId`),
  KEY `craft_relations_parentId_fk` (`parentId`)
) ENGINE=InnoDB AUTO_INCREMENT=20 DEFAULT CHARSET=utf8 COLLATE=utf8_unicode_ci;

--
-- Data for table `craft_relations`
--

BEGIN;
INSERT INTO `craft_relations` (`id`, `fieldId`, `parentId`, `childId`, `sortOrder`, `dateCreated`, `dateUpdated`, `uid`) VALUES
 ('12', '20', '15', '16', '1', '2013-08-24 18:34:06', '2013-08-24 18:34:06', '114a94f1-9a34-41ad-b2ba-3d2ebb4d784b'),
 ('13', '20', '14', '17', '1', '2013-08-24 18:35:27', '2013-08-24 18:35:27', 'd9bcf01c-d4b5-4dfd-977f-628167d785fe'),
 ('14', '15', '5', '7', '1', '2013-08-24 19:57:41', '2013-08-24 19:57:41', '8a637e5b-4a90-45db-8c87-e61134099607'),
 ('15', '4', '5', '18', '1', '2013-08-24 19:57:42', '2013-08-24 19:57:42', '17c9c9cc-403e-444a-b6a4-273f1a618374'),
 ('16', '20', '13', '19', '1', '2013-08-24 21:56:32', '2013-08-24 21:56:32', '5c40d209-395d-435e-9b1f-8eb3fe6bca22'),
 ('17', '11', '2', '15', '1', '2013-08-24 22:00:42', '2013-08-24 22:00:42', '21882899-f675-4be3-91a4-1a970431d2c6'),
 ('18', '11', '2', '14', '2', '2013-08-24 22:00:42', '2013-08-24 22:00:42', '50d73739-d07b-49c8-bff8-9fe15b93f50d'),
 ('19', '11', '2', '13', '3', '2013-08-24 22:00:42', '2013-08-24 22:00:42', 'ce9bbaf6-a714-483e-ae14-bce51fd3f3ae');
COMMIT;


--
-- Schema for table `craft_routes`
--

DROP TABLE IF EXISTS `craft_routes`;

CREATE TABLE `craft_routes` (
  `id` int(11) NOT NULL AUTO_INCREMENT,
  `urlParts` varchar(255) COLLATE utf8_unicode_ci NOT NULL,
  `urlPattern` varchar(255) COLLATE utf8_unicode_ci NOT NULL,
  `template` varchar(255) COLLATE utf8_unicode_ci NOT NULL,
  `sortOrder` tinyint(4) DEFAULT NULL,
  `dateCreated` datetime NOT NULL,
  `dateUpdated` datetime NOT NULL,
  `uid` char(36) COLLATE utf8_unicode_ci NOT NULL DEFAULT '0',
  PRIMARY KEY (`id`),
  UNIQUE KEY `craft_routes_urlPattern_unq_idx` (`urlPattern`)
) ENGINE=InnoDB DEFAULT CHARSET=utf8 COLLATE=utf8_unicode_ci;

--
-- Schema for table `craft_searchindex`
--

DROP TABLE IF EXISTS `craft_searchindex`;

CREATE TABLE `craft_searchindex` (
  `elementId` int(11) NOT NULL,
  `attribute` varchar(25) COLLATE utf8_unicode_ci NOT NULL,
  `fieldId` int(11) NOT NULL,
  `locale` char(12) COLLATE utf8_unicode_ci NOT NULL,
  `keywords` text COLLATE utf8_unicode_ci NOT NULL,
  PRIMARY KEY (`elementId`,`attribute`,`fieldId`,`locale`),
  FULLTEXT KEY `craft_searchindex_keywords_idx` (`keywords`)
) ENGINE=MyISAM DEFAULT CHARSET=utf8 COLLATE=utf8_unicode_ci;

--
-- Data for table `craft_searchindex`
--

BEGIN;
INSERT INTO `craft_searchindex` (`elementId`, `attribute`, `fieldId`, `locale`, `keywords`) VALUES
 ('1', 'username', '0', 'en_us', ' tim '),
 ('1', 'email', '0', 'en_us', ' bcfeeney gmail com '),
 ('2', 'field', '2', 'en_us', ' it s true this site doesn t have a whole lot of content yet but don t worry our web developers have just installed the cms and they re setting things up for the content editors this very moment soon kickrepublic com will be an oasis of fresh perspectives sharp analyses and astute opinions that will keep you coming back again and again '),
 ('2', 'field', '1', 'en_us', ' welcome to kickrepublic com '),
 ('3', 'title', '0', 'en_us', ' we just installed craft '),
 ('3', 'slug', '0', 'en_us', ' we just installed craft '),
 ('3', 'field', '2', 'en_us', ' craft is the cms that s powering kickrepublic com it s beautiful powerful flexible and easy to use and it s made by pixel tonic we can t wait to dive in and see what it s capable of this is even more captivating content which you couldn t see on the news index page because it was entered after a page break and the news index template only likes to show the content on the first page craft a nice alternative to word if you re making a website '),
 ('4', 'title', '0', 'en_us', ' tim is so cool '),
 ('4', 'slug', '0', 'en_us', ' tim is so cool '),
 ('4', 'field', '2', 'en_us', ' and handsome '),
 ('7', 'title', '0', 'en_us', ' landon donovan '),
 ('7', 'slug', '0', 'en_us', ' landon donovan '),
 ('7', 'field', '2', 'en_us', ' lorem ipsum dolor sit amet consectetur adipisicing elit sed do eiusmod tempor incididunt ut labore et dolore magna aliqua ut enim ad minim veniam quis nostrud exercitation ullamco laboris nisi ut aliquip ex ea commodo consequat duis aute irure dolor in reprehenderit in voluptate velit esse cillum dolore eu fugiat nulla pariatur excepteur sint occaecat cupidatat non proident sunt in culpa qui officia deserunt mollit anim id est laborum '),
 ('7', 'field', '8', 'en_us', ' la galaxy la galaxy '),
 ('7', 'field', '7', 'en_us', ' forward '),
 ('4', 'field', '10', 'en_us', ' landon donovan '),
 ('8', 'field', '9', 'en_us', ' spain despite a 3 0 drubbing against brazil in the 2013 confederations cup final spain is still the world s top team consecutive european championships euro 2008 and euro 2012 world cup 2010 = 1 by the time the world heads to brazil next summer el rojo will be among the top teams to beat spain despite a 3 0 drubbing against brazil in the 2013 confederations cup final spain is still the world s top team consecutive european championships euro 2008 and euro 2012 world cup 2010 = 1 by the time the world heads to brazil next summer el rojo will be among the top teams to beat argentina vegas has the argentinians a 5 1 shot to win it all next year argentina vegas has the argentinians a 5 1 shot to win it all next year brazil fifa has selecaeo 13 kr says remove the 1 and keep the 3 brazil fifa has selecaeo 13 kr says remove the 1 and keep the 3 germany the germans are clicking on 8 cylinders right now despite embarrassing friendly loss to americans earlier this summer germany the germans are clicking on 8 cylinders right now despite embarrassing friendly loss to americans earlier this summer colombia talent is there but discipline is as usual lacking colombia talent is there but discipline is as usual lacking netherlands a potent but aging attack has the dutch in need of developing younger support players netherlands a potent but aging attack has the dutch in need of developing younger support players italy recent losses to spain brazil leave azzuri in regrouping mode italy recent losses to spain brazil leave azzuri in regrouping mode portugal mixed results this summer for ronaldo entourage portugal mixed results this summer for ronaldo entourage belgium smack americans in may then take rest of the summer off belgium smack americans in may then take rest of the summer off uruguay skills and experience to make another deep run at the cup uruguay skills and experience to make another deep run at the cup greece greece cote d ivoire cote d ivoire united states 11 in a row has any american team looked so potent the u s has had a sparkling summer 2013 and hopes to keep the momentum rolling victories over germany mexico and italy in the past year has this team confident best u s squad ever united states 11 in a row has any american team looked so potent the u s has had a sparkling summer 2013 and hopes to keep the momentum rolling victories over germany mexico and italy in the past year has this team confident best u s squad ever bosnia herzegovina bosnia herzegovina england england switzerland switzerland russia russia ecuador ecuador peru peru mexico mexico chile chile france france ghana ghana norway norway '),
 ('2', 'field', '11', 'en_us', ' ​we re number 19 u s cracks top 20 in fifa rankings dempsey back to mls best goals of the 2013 gold cup '),
 ('2', 'field', '12', 'en_us', ' kickrepublic '),
 ('5', 'field', '15', 'en_us', ' landon donovan '),
 ('5', 'field', '4', 'en_us', ' usmnt photo '),
 ('2', 'field', '17', 'en_us', ' info kickrepublic com '),
 ('5', 'field', '3', 'en_us', ' lorem ipsum dolor sit amet consectetur adipisicing elit sed do eiusmod tempor incididunt ut labore et dolore magna aliqua ut enim ad minim veniam quis nostrud exercitation ullamco laboris nisi ut aliquip ex ea commodo consequat duis aute irure dolor in reprehenderit in voluptate velit esse cillum dolore eu fugiat nulla pariatur excepteur sint occaecat cupidatat non proident sunt in culpa qui officia deserunt mollit anim id est laborum '),
 ('5', 'field', '5', 'en_us', ' 8 '),
 ('10', 'title', '0', 'en_us', ' stuart holden '),
 ('10', 'slug', '0', 'en_us', ' stuart holden '),
 ('10', 'field', '2', 'en_us', ' lorem ipsum dolor sit amet consectetur adipisicing elit sed do eiusmod tempor incididunt ut labore et dolore magna aliqua ut enim ad minim veniam quis nostrud exercitation ullamco laboris nisi ut aliquip ex ea commodo consequat duis aute irure dolor in reprehenderit in voluptate velit esse cillum dolore eu fugiat nulla pariatur excepteur sint occaecat cupidatat non proident sunt in culpa qui officia deserunt mollit anim id est laborum '),
 ('10', 'field', '8', 'en_us', ' bolton wanderers bolton wanderers '),
 ('10', 'field', '7', 'en_us', ' midfield '),
 ('9', 'field', '16', 'en_us', ' kick republic is dedicated to covering the united states men s national team its players at home and abroad and all things concerning the continued growth of american soccer '),
 ('9', 'field', '18', 'en_us', ' tim gray tim is an award winning writer and journalist with over a decade of experience reporting for some of the world s most respected publications his work has appeared in the economist the new york times new york magazine msnbc cbs interactive gannet newspapers and on cnn among many others his passion for the world s game and its continued emergence in the united states led him to create kick republic in the hopes of sharing thoughts ideas and dreams with the growing soccer football community in america contact tim gray tim is an award winning writer and journalist with over a decade of experience reporting for some of the world s most respected publications his work has appeared in the economist the new york times new york magazine msnbc cbs interactive gannet newspapers and on cnn among many others his passion for the world s game and its continued emergence in the united states led him to create kick republic in the hopes of sharing thoughts ideas and dreams with the growing soccer football community in america contact '),
 ('8', 'field', '14', 'en_us', ' september 2013 power rankings '),
 ('5', 'field', '19', 'en_us', ' jurgen klinsmann lorem ipsum dolor sit amet consectetur adipisicing elit sed do eiusmod tempor incididunt ut labore et dolore magna aliqua jurgen klinsmann lorem ipsum dolor sit amet consectetur adipisicing elit sed do eiusmod tempor incididunt ut labore et dolore magna aliqua '),
 ('11', 'title', '0', 'en_us', ' altidore back in the big leagues means '),
 ('11', 'slug', '0', 'en_us', ' altidore back in the big leagues successful debut for sunderland alter '),
 ('11', 'field', '2', 'en_us', ' it was a sumptuous volley ian dark such superlatives from sir ian and why not it s a safe bet jozy altidore has been on the receiving end of this type of praise more than ever in the past year after scoring a career high 31 goals in the 2012 2013 season for lightly regarded and funded dutch side az alkmaar the american international date is now flashing the red and white stripes of sunderland afc in a return trip to the big league and he already doubled his goals his first game back in the premier league since the 6 1 striker has defintly come a long way since x when one former coach that he had no idea what he was doing on the pitch and didn t understand tactics at all got l first taste of the world s top league and he is obviously eager to dispel the notion put forward by one former coach that he had no idea what he was doing on the pitch and didn t understand tactics at all i have come a long way since then said altidore last month referring to his disappointing stint with hull city in the 2009 10 season while on loan from spanish club villarreal i am almost a different player and i have learned a lot the numbers back him up consider this he set a record for americans abroad with 31 goals in all competitions passing american and now fellow prem leaguer clint dempsey helped az win the dutch cup ended a woeful scoring drought with usmnt with goals in four straight games including this sumptuous volley against germany below and the black cats will be counting on the strapping striker to provide some much needed finishing touches up front after a poor campaign last in goals that ended up as a relegation fight with wigan and blank altidore is one of the top strikers in europe the side s italian boss told the club s official website i m very happy curious and excited because i have a very good attacking side at the moment i m really pleased because a new arrival can benefit the squad and also individuals because there is competition up front combine that with the acquisition of juventus playmaker emanuele giaccherini make sure and altidore can expect some premiere service and creativity so what does this means for the usmnt it seems the sporting press as usual is hunting in packs on this one as the same three or four questions continue to arise to soccer s bloggeratie yes i said it and its now mine google them and you ll see 50 articles saying the same things on each topic trust me let s address the conventional wisdom of each and tell you why the regurgitaters are wrong in their thinking once again sunderland doesn t play the style of soccer that is beneficial to altidore s strengths striving for so long to find his groove at a european club and to break through with the u s why not stay at az and carry that momentum into the world cup at sunderland altidore will work with manager paolo di canio who will employ a traditional 4 4 2 formation at the stadium of light this coming season the system should work to the united states international s advantage as he will be able to work off a more solitary center forward such as steven fletcher while benefiting from the supply of wingers sebastian larsson and stephane sessegnon breakout year for the national team as well some background about gold cup qualifying friendlies against german and his 4 goals in 4 games then bam he easily could have elected to remain in the netherlands next season basking in the scorer s spotlight while posting the sort of numbers that would cement a significant role at the 2014 world cup but elite athletes aren t wired to play it safe so now altidore 23 is back in england where on tuesday he signed a four year contract with sunderland following a reported $13 million transfer i ve heard it been argued by some in the sporting press that he may have earned this chance but after striving for so long to find his groove at a european club and to break through with the u s why not stay at az and carry that momentum into the world cup really is that the way to improve isn t trying to drop in goals against the class of manchester united manchester city and chelsea how you get better skill vs skill would alex rodriquez be better off playing against inferior pitching all year and then trying to step in against mark vreelander s heat after hitting name all year while not me coach paolo di canio s sunderland side won t be looking to possess the ball and build through the midfield like verbeek s az meaning the rhythm and regularity of altidore s service will change he ll have to adapt you get better by playing better competition period and nobody was any happier than jurgen klinnsman when altidore signed a four year deal to leave the dutch league for sunderland in northeast england weakness is turning into a strength what was once considered at weakspot at best upfront on the national team is turning into one of the american men s strench in fact no coachin u s history has had as many psotive choices as klinsman will have leading up to brazil 2014 find cool chart info upfront it means for the usmnt it wasn t always the case in a career that was hyped early with tons of promise until last season altidore had not lived up to the hype for either his clubs or the united states national team after stints the new york red bulls spanish team xerez and turkish club bursaspo 2012 was a breakout year for the striker in fact instead of bringing out the best in altidore s athletic arsenal however the epl exposed his lack of development '),
 ('12', 'filename', '0', 'en_us', ' img_1854 jpg '),
 ('12', 'extension', '0', 'en_us', ' jpg '),
 ('12', 'kind', '0', 'en_us', ' image '),
 ('12', 'title', '0', 'en_us', ' img 1854 '),
 ('4', 'field', '20', 'en_us', ' img 1854 '),
 ('13', 'slug', '0', 'en_us', ' best goals in 2013 gold cup '),
 ('13', 'title', '0', 'en_us', ' best goals of the 2013 gold cup '),
 ('13', 'field', '2', 'en_us', ' an impressive amount of talent was on display at the concacaf gold cup this summer and despite relatively low goal totals some incredible shots were taken and made our apologies to those who would suggest we are xenophobes at kick republic the reason for so many americans on the list is the usmnt scored the most goals by far 20 vs x for x here are our top four let us know if we missed any kickrepubli the domolition man aka eddie johnson for the united states against el salvador i m sure somewhere in some prison wesley snipes is griping you stole my moves and look luis montes is ahead of the game for mexico against panama i m not sure what the announcer is saying but i imagine it went something like this marco fabian sends it across the box and oh my luis montes the little guy heads it into the back of the net landon donovan for the united states against honduras the usual class touch and finish from arguably america s best ever player btw how about a little more juice in the call fellows i thought i was listening to jim nance call the 14th hole on day one and coby please work on that monotone color commentating it s atrocious chris wondolowski for the united states against cuba wondo started the tournament scorching hot but was ridding the pine the last few games still a deft touch of a pretty pass from beckerman = sweet goal now we are left wanting more how many more days until brazil '),
 ('14', 'slug', '0', 'en_us', ' dempsey back to mls '),
 ('14', 'title', '0', 'en_us', ' dempsey back to mls '),
 ('14', 'field', '2', 'en_us', ' intormation to come '),
 ('15', 'slug', '0', 'en_us', ' were number 19 u s cracks top 20 in fifa rankings '),
 ('15', 'title', '0', 'en_us', ' ​we re number 19 u s cracks top 20 in fifa rankings '),
 ('15', 'field', '2', 'en_us', ' so maybe it doesn t have the same ring as we re number one but climbing back into the top 20 fifa rankings feels pretty good for american soccer fans especially considering obnoxious regional rival mexico dropped a spot behind the usmnt in recent years much ink has been spilt see the kick republic rankings here regarding the arbitrary nature of these rankings and the relatively meaninglessness effect they have around the world however however this year fifa will be using the standings as a factor when it awards the seedings in the world cup draw which will be held in brazil in december and any ncaa basketball fan will tell you a middling team sorry usa can go a long way with the right draw i mean really vcu back to the world s greatest game after a run of 11 straight victories including winning the concacaf gold cup championship united states men s national team deserves its new position it s a sign of consistency it s a sign that the guys are willing to take things seriously and become 24 7 professionals it s a sign that they want to go to brazil in 2014 and be a part of that said united states coach jurgen klinsmann and it s a re of a lot of hard work we ve put in there since two years 1 spain 2 germany 3 colombia 4 argentina 5 netherlands 6 italy 7 portugal 8 croatia 9 brazil 10 belgium 11 greece 12 uruguay 13 bosnia herzegovina 14 england 15 switzerland 16 russia 17 ecuador 18 cote d ivoire 19 usa 20 mexico '),
 ('16', 'filename', '0', 'en_us', ' wondolowski jpg '),
 ('16', 'extension', '0', 'en_us', ' jpg '),
 ('16', 'kind', '0', 'en_us', ' image '),
 ('16', 'title', '0', 'en_us', ' wondolowski '),
 ('15', 'field', '20', 'en_us', ' wondolowski '),
 ('17', 'filename', '0', 'en_us', ' zusi_usmnt jpg '),
 ('17', 'extension', '0', 'en_us', ' jpg '),
 ('17', 'kind', '0', 'en_us', ' image '),
 ('17', 'title', '0', 'en_us', ' zusi usmnt '),
 ('14', 'field', '20', 'en_us', ' zusi usmnt '),
 ('18', 'filename', '0', 'en_us', ' usmnt photo jpg '),
 ('18', 'extension', '0', 'en_us', ' jpg '),
 ('18', 'kind', '0', 'en_us', ' image '),
 ('18', 'title', '0', 'en_us', ' usmnt photo '),
 ('19', 'filename', '0', 'en_us', ' landondonovangoldcup3 isiphotos jpg '),
 ('19', 'extension', '0', 'en_us', ' jpg '),
 ('19', 'kind', '0', 'en_us', ' image '),
 ('19', 'title', '0', 'en_us', ' landondonovangoldcup3 isiphotos '),
 ('13', 'field', '20', 'en_us', ' landondonovangoldcup3 isiphotos ');
COMMIT;


--
-- Schema for table `craft_sections`
--

DROP TABLE IF EXISTS `craft_sections`;

CREATE TABLE `craft_sections` (
  `id` int(11) NOT NULL AUTO_INCREMENT,
  `name` varchar(100) COLLATE utf8_unicode_ci NOT NULL,
  `handle` char(45) COLLATE utf8_unicode_ci NOT NULL,
  `titleLabel` varchar(255) COLLATE utf8_unicode_ci NOT NULL DEFAULT 'Title',
  `hasUrls` tinyint(1) unsigned NOT NULL DEFAULT '1',
  `template` varchar(500) COLLATE utf8_unicode_ci DEFAULT NULL,
  `fieldLayoutId` int(10) DEFAULT NULL,
  `dateCreated` datetime NOT NULL,
  `dateUpdated` datetime NOT NULL,
  `uid` char(36) COLLATE utf8_unicode_ci NOT NULL DEFAULT '0',
  PRIMARY KEY (`id`),
  UNIQUE KEY `craft_sections_name_unq_idx` (`name`),
  UNIQUE KEY `craft_sections_handle_unq_idx` (`handle`),
  KEY `craft_sections_fieldLayoutId_fk` (`fieldLayoutId`)
) ENGINE=InnoDB AUTO_INCREMENT=3 DEFAULT CHARSET=utf8 COLLATE=utf8_unicode_ci;

--
-- Data for table `craft_sections`
--

BEGIN;
INSERT INTO `craft_sections` (`id`, `name`, `handle`, `titleLabel`, `hasUrls`, `template`, `fieldLayoutId`, `dateCreated`, `dateUpdated`, `uid`) VALUES
 ('1', 'News', 'news', 'Title', '1', 'news/_entry', '32', '2013-07-16 01:38:29', '2013-07-31 17:59:40', 'bfcd5ecf-d6fa-4bb4-96d4-cc4dde137cb3'),
 ('2', 'Players', 'players', 'Title', '1', 'players/_entry', '11', '2013-07-16 12:54:13', '2013-07-17 13:21:57', '3dfb51ab-192f-46b8-8802-e38fac5f92de');
COMMIT;


--
-- Schema for table `craft_sections_i18n`
--

DROP TABLE IF EXISTS `craft_sections_i18n`;

CREATE TABLE `craft_sections_i18n` (
  `id` int(11) NOT NULL AUTO_INCREMENT,
  `sectionId` int(11) NOT NULL,
  `locale` char(12) COLLATE utf8_unicode_ci NOT NULL,
  `urlFormat` varchar(255) COLLATE utf8_unicode_ci DEFAULT NULL,
  `dateCreated` datetime NOT NULL,
  `dateUpdated` datetime NOT NULL,
  `uid` char(36) COLLATE utf8_unicode_ci NOT NULL DEFAULT '0',
  PRIMARY KEY (`id`),
  UNIQUE KEY `craft_sections_i18n_sectionId_locale_unq_idx` (`sectionId`,`locale`),
  KEY `craft_sections_i18n_locale_fk` (`locale`)
) ENGINE=InnoDB AUTO_INCREMENT=3 DEFAULT CHARSET=utf8 COLLATE=utf8_unicode_ci;

--
-- Data for table `craft_sections_i18n`
--

BEGIN;
INSERT INTO `craft_sections_i18n` (`id`, `sectionId`, `locale`, `urlFormat`, `dateCreated`, `dateUpdated`, `uid`) VALUES
 ('1', '1', 'en_us', 'news/{postDate.year}/{slug}', '2013-07-16 01:38:29', '2013-07-16 01:38:29', 'c0130c09-4389-4129-ac4b-f20bd8ef73ee'),
 ('2', '2', 'en_us', 'players/{slug}', '2013-07-16 12:54:13', '2013-07-16 12:54:13', '4997eb1f-7a80-4ec5-9bec-967265cd8017');
COMMIT;


--
-- Schema for table `craft_sessions`
--

DROP TABLE IF EXISTS `craft_sessions`;

CREATE TABLE `craft_sessions` (
  `id` int(11) NOT NULL AUTO_INCREMENT,
  `userId` int(11) NOT NULL,
  `token` char(100) COLLATE utf8_unicode_ci NOT NULL,
  `dateCreated` datetime NOT NULL,
  `dateUpdated` datetime NOT NULL,
  `uid` char(36) COLLATE utf8_unicode_ci NOT NULL DEFAULT '0',
  PRIMARY KEY (`id`),
  KEY `craft_sessions_uid_idx` (`uid`),
  KEY `craft_sessions_token_idx` (`token`),
  KEY `craft_sessions_dateUpdated_idx` (`dateUpdated`),
  KEY `craft_sessions_userId_fk` (`userId`)
) ENGINE=InnoDB AUTO_INCREMENT=32 DEFAULT CHARSET=utf8 COLLATE=utf8_unicode_ci;

--
-- Data for table `craft_sessions`
--

BEGIN;
INSERT INTO `craft_sessions` (`id`, `userId`, `token`, `dateCreated`, `dateUpdated`, `uid`) VALUES
 ('1', '1', '$2a$08$w7ihymj88Bka.nbA/hkP4Oo7XjUy4T3DzOCK6npDBCRgvEV/Nn1JS', '2013-07-16 01:38:27', '2013-07-16 01:38:27', '8f0ee71c-2ba1-490d-9716-1c44b3c5de07'),
 ('2', '1', '$2a$08$tS03LbSGHMMTNGd.KhWhDeQCmn3HOJdRiAbVqtJ8kQffpFTMXiaqq', '2013-07-16 01:52:52', '2013-07-16 01:52:52', '9f846959-9afe-47ee-91c4-b268695fbabb'),
 ('4', '1', '$2a$08$lhP7lnbIsH6g/qybp5kVJ.hwYxNCYr1SnuYAvTUcWLjzCrNg5OWFu', '2013-07-17 13:27:26', '2013-07-17 13:27:26', '92696856-81b4-46df-a8bb-e322d4720f96'),
 ('5', '1', '$2a$08$R/TvDzOete.BdQZuSXbQkulFKbL7yL1N2YSiITZGC8Aif4g9DxPgy', '2013-07-17 14:07:35', '2013-07-17 14:56:40', 'd705ec6c-40c8-460a-ab28-b79284fff6d2'),
 ('6', '1', '$2a$08$clH009Ao6mDT6Ti7ZGd32O45l1ZK2U1.3ceahhUMXx2pTfCaRS2Ty', '2013-07-17 14:49:28', '2013-07-17 14:49:28', '8328d017-448f-4f6b-8da9-dfa60b9f8f08'),
 ('7', '1', '$2a$08$6PnEXYP025aYuVfXfD2pSOOeHfL1OiOagkpevtc8c6jUz2pD4Wmyy', '2013-07-17 18:14:50', '2013-07-17 18:14:50', 'af68e11e-e20f-4283-923d-bba787036025'),
 ('8', '1', '$2a$08$Dm/gaEiIiv/6BhQb1C2Z6.R.B1uoKHK56pr1r4H/Ek1ftOmVX03EC', '2013-07-17 21:12:45', '2013-07-17 21:12:45', 'bc8c95b1-94f4-4be2-bac7-d56a75ed1824'),
 ('10', '1', '$2a$08$1SBtSH/mEXJeg.eLcAVNNe5AvYGmmaJO9enhnHT1LHkx69XAnCioe', '2013-07-18 12:32:55', '2013-07-18 12:32:55', 'b108e3ee-83b5-4374-81fb-b454ee5bf6e7'),
 ('11', '1', '$2a$08$MBwuJGExVOzuiN5YK6uZLueshawaQ.kHEmtWubumBdzJfabvmcBd6', '2013-07-18 14:49:35', '2013-07-18 14:49:35', '975c71c3-3e2a-4f83-89fc-a291282a03d7'),
 ('12', '1', '$2a$08$dlhiu22aLVsJN7Re8UecCu9ivsTti7KmZtE79B7dm4/M1Md2hru0.', '2013-07-19 01:08:28', '2013-07-19 01:08:28', '95081b33-920b-4744-a728-accb77432e53'),
 ('13', '1', '$2a$08$ivX.Y0kwA2r1wu5MkOyhX.0d6b9i7cmyixa9LiZkKuEJzgL2jjye2', '2013-07-19 13:17:11', '2013-07-19 13:17:11', 'a6568c96-e9cf-4378-ba5a-c41126a2e0f2'),
 ('14', '1', '$2a$08$D8p1wywc71KKDDI0R5XFzuDHrLl4DEJAbJmlNpia.5fx/sldAZbqS', '2013-07-21 14:43:17', '2013-07-21 14:43:17', 'cca49afc-8c19-42fa-adc7-07b157a4d449'),
 ('15', '1', '$2a$08$yU4WevtMhKy/N68tALx15eZYsH3J7qzBSHUwOxcxfOMrmlyoBGvOG', '2013-07-21 19:35:50', '2013-07-21 19:35:50', '7aeb1b85-42e9-4311-a19a-5a18f9664957'),
 ('17', '1', '$2a$08$u8XMCuGMHlV0tCGAJ0IDvO1k/DfOdsk8YmOvCDkuDUSFS4e3l/u/e', '2013-07-31 02:06:38', '2013-07-31 02:39:51', '0041c6d0-1704-4ab8-a9eb-039841b6b346'),
 ('19', '1', '$2a$08$g5wATiELf/AMfAytw479BOuWNRAFPVbuwZeM4cbPJ5RtDaY98go2G', '2013-07-31 17:54:35', '2013-07-31 17:54:35', 'c05a4580-6851-4b91-8076-e5f3975fbd25'),
 ('21', '1', '$2a$08$kIVic55.AgrYdnofY3vBLe68aLiS3izAdpKDwYnbV5Rhz02OpttPa', '2013-08-01 15:41:54', '2013-08-01 16:23:01', '584bd160-9ac3-4f65-b26c-8c1f6bf430a2'),
 ('23', '1', '$2a$08$I6AUWPcehOYiUvYRqfLqU.9mBSnaZbAkFsxYkrIe25llDg0/D2e.O', '2013-08-02 00:43:23', '2013-08-02 00:43:23', '0cb762cb-989f-4392-be7f-d7f3216b3c60'),
 ('29', '1', '$2a$08$ZSVLuftJTSGD4JPR/N5L/uau5R/0Pd8Vmn5B4herbF2QCOncVJHzq', '2013-08-24 15:48:14', '2013-08-24 15:48:14', '7bec5f94-11f2-4ada-acad-b609d943f92b'),
 ('30', '1', '$2a$08$RkSO95bgNRwsXEUJR8i/5eb8gUKdcLuQ5y7ipE4CkfHEhP1sXKsj6', '2013-08-24 21:55:45', '2013-08-24 21:55:45', '749b31a4-d3d3-47a2-8ef8-94889fd867a2'),
 ('31', '1', '$2a$08$Uu0qeTz0PG3ufrm8Uq9KRuZGy0F1c5sMRAc7HGTO1kpCJT0KBXtPi', '2013-08-29 16:54:05', '2013-08-29 16:54:05', 'fd980813-6b1d-4f21-8a8c-efd380a26495');
COMMIT;


--
-- Schema for table `craft_shunnedmessages`
--

DROP TABLE IF EXISTS `craft_shunnedmessages`;

CREATE TABLE `craft_shunnedmessages` (
  `id` int(11) NOT NULL AUTO_INCREMENT,
  `userId` int(11) NOT NULL,
  `message` varchar(255) COLLATE utf8_unicode_ci NOT NULL,
  `expiryDate` datetime DEFAULT NULL,
  `dateCreated` datetime NOT NULL,
  `dateUpdated` datetime NOT NULL,
  `uid` char(36) COLLATE utf8_unicode_ci NOT NULL DEFAULT '0',
  PRIMARY KEY (`id`),
  UNIQUE KEY `craft_shunnedmessages_userId_message_unq_idx` (`userId`,`message`)
) ENGINE=InnoDB DEFAULT CHARSET=utf8 COLLATE=utf8_unicode_ci;

--
-- Schema for table `craft_systemsettings`
--

DROP TABLE IF EXISTS `craft_systemsettings`;

CREATE TABLE `craft_systemsettings` (
  `id` int(11) NOT NULL AUTO_INCREMENT,
  `category` varchar(15) COLLATE utf8_unicode_ci NOT NULL,
  `settings` text COLLATE utf8_unicode_ci,
  `dateCreated` datetime NOT NULL,
  `dateUpdated` datetime NOT NULL,
  `uid` char(36) COLLATE utf8_unicode_ci NOT NULL DEFAULT '0',
  PRIMARY KEY (`id`),
  UNIQUE KEY `craft_systemsettings_category_unq_idx` (`category`)
) ENGINE=InnoDB AUTO_INCREMENT=2 DEFAULT CHARSET=utf8 COLLATE=utf8_unicode_ci;

--
-- Data for table `craft_systemsettings`
--

BEGIN;
INSERT INTO `craft_systemsettings` (`id`, `category`, `settings`, `dateCreated`, `dateUpdated`, `uid`) VALUES
 ('1', 'email', '{\"protocol\":\"php\",\"emailAddress\":\"bcfeeney@gmail.com\",\"senderName\":\"Kick Republic\"}', '2013-07-16 01:38:28', '2013-07-16 01:38:28', '8f98e157-6b44-40b3-b67e-4db9bff11d0d');
COMMIT;


--
-- Schema for table `craft_tags`
--

DROP TABLE IF EXISTS `craft_tags`;

CREATE TABLE `craft_tags` (
  `id` int(11) NOT NULL,
  `setId` int(11) NOT NULL,
  `name` varchar(255) COLLATE utf8_unicode_ci NOT NULL,
  `dateCreated` datetime NOT NULL,
  `dateUpdated` datetime NOT NULL,
  `uid` char(36) COLLATE utf8_unicode_ci NOT NULL DEFAULT '0',
  PRIMARY KEY (`id`),
  UNIQUE KEY `craft_tags_setId_name_unq_idx` (`setId`,`name`)
) ENGINE=InnoDB DEFAULT CHARSET=utf8 COLLATE=utf8_unicode_ci;

--
-- Schema for table `craft_tagsets`
--

DROP TABLE IF EXISTS `craft_tagsets`;

CREATE TABLE `craft_tagsets` (
  `id` int(11) NOT NULL AUTO_INCREMENT,
  `name` varchar(100) COLLATE utf8_unicode_ci NOT NULL,
  `handle` char(45) COLLATE utf8_unicode_ci NOT NULL,
  `fieldLayoutId` int(10) DEFAULT NULL,
  `dateCreated` datetime NOT NULL,
  `dateUpdated` datetime NOT NULL,
  `uid` char(36) COLLATE utf8_unicode_ci NOT NULL DEFAULT '0',
  PRIMARY KEY (`id`),
  UNIQUE KEY `craft_tagsets_name_unq_idx` (`name`),
  UNIQUE KEY `craft_tagsets_handle_unq_idx` (`handle`)
) ENGINE=InnoDB AUTO_INCREMENT=2 DEFAULT CHARSET=utf8 COLLATE=utf8_unicode_ci;

--
-- Data for table `craft_tagsets`
--

BEGIN;
INSERT INTO `craft_tagsets` (`id`, `name`, `handle`, `fieldLayoutId`, `dateCreated`, `dateUpdated`, `uid`) VALUES
 ('1', 'Default', 'default', NULL, '2013-08-02 00:46:10', '2013-08-02 00:46:10', 'aa85425d-309c-4c9f-bad5-062e3aa04659');
COMMIT;


--
-- Schema for table `craft_usergroups`
--

DROP TABLE IF EXISTS `craft_usergroups`;

CREATE TABLE `craft_usergroups` (
  `id` int(11) NOT NULL AUTO_INCREMENT,
  `name` varchar(100) COLLATE utf8_unicode_ci NOT NULL,
  `handle` char(255) COLLATE utf8_unicode_ci NOT NULL,
  `dateCreated` datetime NOT NULL,
  `dateUpdated` datetime NOT NULL,
  `uid` char(36) COLLATE utf8_unicode_ci NOT NULL DEFAULT '0',
  PRIMARY KEY (`id`)
) ENGINE=InnoDB DEFAULT CHARSET=utf8 COLLATE=utf8_unicode_ci;

--
-- Schema for table `craft_usergroups_users`
--

DROP TABLE IF EXISTS `craft_usergroups_users`;

CREATE TABLE `craft_usergroups_users` (
  `id` int(11) NOT NULL AUTO_INCREMENT,
  `groupId` int(11) NOT NULL,
  `userId` int(11) NOT NULL,
  `dateCreated` datetime NOT NULL,
  `dateUpdated` datetime NOT NULL,
  `uid` char(36) COLLATE utf8_unicode_ci NOT NULL DEFAULT '0',
  PRIMARY KEY (`id`),
  UNIQUE KEY `craft_usergroups_users_groupId_userId_unq_idx` (`groupId`,`userId`),
  KEY `craft_usergroups_users_userId_fk` (`userId`)
) ENGINE=InnoDB DEFAULT CHARSET=utf8 COLLATE=utf8_unicode_ci;

--
-- Schema for table `craft_userpermissions`
--

DROP TABLE IF EXISTS `craft_userpermissions`;

CREATE TABLE `craft_userpermissions` (
  `id` int(11) NOT NULL AUTO_INCREMENT,
  `name` varchar(100) COLLATE utf8_unicode_ci NOT NULL,
  `dateCreated` datetime NOT NULL,
  `dateUpdated` datetime NOT NULL,
  `uid` char(36) COLLATE utf8_unicode_ci NOT NULL DEFAULT '0',
  PRIMARY KEY (`id`),
  UNIQUE KEY `craft_userpermissions_name_unq_idx` (`name`)
) ENGINE=InnoDB DEFAULT CHARSET=utf8 COLLATE=utf8_unicode_ci;

--
-- Schema for table `craft_userpermissions_usergroups`
--

DROP TABLE IF EXISTS `craft_userpermissions_usergroups`;

CREATE TABLE `craft_userpermissions_usergroups` (
  `id` int(11) NOT NULL AUTO_INCREMENT,
  `permissionId` int(11) NOT NULL,
  `groupId` int(11) NOT NULL,
  `dateCreated` datetime NOT NULL,
  `dateUpdated` datetime NOT NULL,
  `uid` char(36) COLLATE utf8_unicode_ci NOT NULL DEFAULT '0',
  PRIMARY KEY (`id`),
  UNIQUE KEY `craft_userpermissions_usergroups_permissionId_groupId_unq_idx` (`permissionId`,`groupId`),
  KEY `craft_userpermissions_usergroups_groupId_fk` (`groupId`)
) ENGINE=InnoDB DEFAULT CHARSET=utf8 COLLATE=utf8_unicode_ci;

--
-- Schema for table `craft_userpermissions_users`
--

DROP TABLE IF EXISTS `craft_userpermissions_users`;

CREATE TABLE `craft_userpermissions_users` (
  `id` int(11) NOT NULL AUTO_INCREMENT,
  `permissionId` int(11) NOT NULL,
  `userId` int(11) NOT NULL,
  `dateCreated` datetime NOT NULL,
  `dateUpdated` datetime NOT NULL,
  `uid` char(36) COLLATE utf8_unicode_ci NOT NULL DEFAULT '0',
  PRIMARY KEY (`id`),
  UNIQUE KEY `craft_userpermissions_users_permissionId_userId_unq_idx` (`permissionId`,`userId`),
  KEY `craft_userpermissions_users_userId_fk` (`userId`)
) ENGINE=InnoDB DEFAULT CHARSET=utf8 COLLATE=utf8_unicode_ci;

--
-- Schema for table `craft_users`
--

DROP TABLE IF EXISTS `craft_users`;

CREATE TABLE `craft_users` (
  `id` int(11) NOT NULL,
  `username` varchar(100) COLLATE utf8_unicode_ci NOT NULL,
  `photo` varchar(50) COLLATE utf8_unicode_ci DEFAULT NULL,
  `firstName` varchar(100) COLLATE utf8_unicode_ci DEFAULT NULL,
  `lastName` varchar(100) COLLATE utf8_unicode_ci DEFAULT NULL,
  `email` varchar(255) COLLATE utf8_unicode_ci NOT NULL,
  `password` char(255) COLLATE utf8_unicode_ci DEFAULT NULL,
  `encType` char(10) COLLATE utf8_unicode_ci DEFAULT NULL,
  `preferredLocale` char(12) COLLATE utf8_unicode_ci DEFAULT NULL,
  `admin` tinyint(1) unsigned NOT NULL DEFAULT '0',
  `status` enum('locked','suspended','pending','active','archived') COLLATE utf8_unicode_ci DEFAULT 'pending',
  `lastLoginDate` datetime DEFAULT NULL,
  `lastLoginAttemptIPAddress` varchar(45) COLLATE utf8_unicode_ci DEFAULT NULL,
  `invalidLoginWindowStart` datetime DEFAULT NULL,
  `invalidLoginCount` tinyint(4) unsigned DEFAULT NULL,
  `lastInvalidLoginDate` datetime DEFAULT NULL,
  `lockoutDate` datetime DEFAULT NULL,
  `verificationCode` char(100) COLLATE utf8_unicode_ci DEFAULT NULL,
  `verificationCodeIssuedDate` datetime DEFAULT NULL,
  `passwordResetRequired` tinyint(1) unsigned NOT NULL DEFAULT '0',
  `lastPasswordChangeDate` datetime DEFAULT NULL,
  `dateCreated` datetime NOT NULL,
  `dateUpdated` datetime NOT NULL,
  `uid` char(36) COLLATE utf8_unicode_ci NOT NULL DEFAULT '0',
  PRIMARY KEY (`id`),
  UNIQUE KEY `craft_users_username_unq_idx` (`username`),
  UNIQUE KEY `craft_users_email_unq_idx` (`email`),
  KEY `craft_users_verificationCode_idx` (`verificationCode`),
  KEY `craft_users_uid_idx` (`uid`),
  KEY `craft_users_preferredLocale_fk` (`preferredLocale`)
) ENGINE=InnoDB DEFAULT CHARSET=utf8 COLLATE=utf8_unicode_ci;

--
-- Data for table `craft_users`
--

BEGIN;
INSERT INTO `craft_users` (`id`, `username`, `photo`, `firstName`, `lastName`, `email`, `password`, `encType`, `preferredLocale`, `admin`, `status`, `lastLoginDate`, `lastLoginAttemptIPAddress`, `invalidLoginWindowStart`, `invalidLoginCount`, `lastInvalidLoginDate`, `lockoutDate`, `verificationCode`, `verificationCodeIssuedDate`, `passwordResetRequired`, `lastPasswordChangeDate`, `dateCreated`, `dateUpdated`, `uid`) VALUES
 ('1', 'Tim', NULL, NULL, NULL, 'bcfeeney@gmail.com', '$2a$08$EUVVc.MI/eau4ji.j.q07OXRo5EB.4qF4EIgeaBYyJW.IbMW8SZ9O', 'blowfish', NULL, '1', 'active', '2013-08-29 16:54:05', '127.0.0.1', NULL, NULL, '2013-07-31 17:54:29', NULL, NULL, NULL, '0', '2013-07-16 01:38:27', '2013-07-16 01:38:27', '2013-08-29 16:54:05', 'e6a50d7d-732a-4a8a-8b24-2322369958de');
COMMIT;


--
-- Schema for table `craft_widgets`
--

DROP TABLE IF EXISTS `craft_widgets`;

CREATE TABLE `craft_widgets` (
  `id` int(11) NOT NULL AUTO_INCREMENT,
  `userId` int(11) NOT NULL,
  `type` char(150) COLLATE utf8_unicode_ci NOT NULL,
  `sortOrder` tinyint(4) DEFAULT NULL,
  `settings` text COLLATE utf8_unicode_ci,
  `enabled` tinyint(1) unsigned NOT NULL DEFAULT '1',
  `dateCreated` datetime NOT NULL,
  `dateUpdated` datetime NOT NULL,
  `uid` char(36) COLLATE utf8_unicode_ci NOT NULL DEFAULT '0',
  PRIMARY KEY (`id`),
  KEY `craft_widgets_userId_fk` (`userId`)
) ENGINE=InnoDB AUTO_INCREMENT=8 DEFAULT CHARSET=utf8 COLLATE=utf8_unicode_ci;

--
-- Data for table `craft_widgets`
--

BEGIN;
INSERT INTO `craft_widgets` (`id`, `userId`, `type`, `sortOrder`, `settings`, `enabled`, `dateCreated`, `dateUpdated`, `uid`) VALUES
 ('1', '1', 'QuickPost', '1', '{\"section\":\"1\"}', '1', '2013-07-16 01:38:48', '2013-07-19 01:11:59', 'fcbab992-4475-4848-bcfe-7341074e7a2d'),
 ('2', '1', 'RecentEntries', '2', '[]', '0', '2013-07-16 01:38:48', '2013-07-19 01:11:27', '34f86f9c-999a-4f3b-aaf1-124df2881176'),
 ('3', '1', 'GetHelp', '5', '[]', '0', '2013-07-16 01:38:48', '2013-07-19 01:12:15', '7fe429b5-6d71-4e8a-8de7-d56bbbcdcb25'),
 ('4', '1', 'Updates', '4', '[]', '0', '2013-07-16 01:38:48', '2013-07-19 01:12:29', '184af2c9-020f-49b6-bdf1-11bbdc3a3276'),
 ('5', '1', 'Feed', '5', '{\"url\":\"http:\\/\\/feeds.feedburner.com\\/blogandtonic\",\"title\":\"Blog & Tonic\"}', '0', '2013-07-16 01:38:48', '2013-07-18 12:33:46', '7cd6167a-30c4-42ea-bd72-1ac28fd66a35'),
 ('6', '1', 'RecentEntries', '2', '{\"section\":\"1\",\"limit\":\"10\"}', '1', '2013-07-19 01:11:18', '2013-07-19 01:11:59', '49128fbc-d148-4f4c-a9d0-b538b4b2ce24'),
 ('7', '1', 'RecentEntries', '3', '{\"section\":\"2\",\"limit\":\"10\"}', '1', '2013-07-19 01:11:34', '2013-07-19 01:11:59', '05fe5b20-e4d8-4d45-b0ad-c74b3bb12903');
COMMIT;

--
-- Constraints for tables
--


--
-- Constraints for table `craft_assetfiles`
--
ALTER TABLE `craft_assetfiles`
	ADD CONSTRAINT `craft_assetfiles_folderId_fk` FOREIGN KEY (`folderId`) REFERENCES `craft_assetfolders` (`id`) ON DELETE CASCADE,
	ADD CONSTRAINT `craft_assetfiles_id_fk` FOREIGN KEY (`id`) REFERENCES `craft_elements` (`id`) ON DELETE CASCADE,
	ADD CONSTRAINT `craft_assetfiles_sourceId_fk` FOREIGN KEY (`sourceId`) REFERENCES `craft_assetsources` (`id`) ON DELETE CASCADE;

--
-- Constraints for table `craft_assetfolders`
--
ALTER TABLE `craft_assetfolders`
	ADD CONSTRAINT `craft_assetfolders_parentId_fk` FOREIGN KEY (`parentId`) REFERENCES `craft_assetfolders` (`id`) ON DELETE CASCADE,
	ADD CONSTRAINT `craft_assetfolders_sourceId_fk` FOREIGN KEY (`sourceId`) REFERENCES `craft_assetsources` (`id`) ON DELETE CASCADE;

--
-- Constraints for table `craft_assetindexdata`
--
ALTER TABLE `craft_assetindexdata`
	ADD CONSTRAINT `craft_assetindexdata_sourceId_fk` FOREIGN KEY (`sourceId`) REFERENCES `craft_assetsources` (`id`) ON DELETE CASCADE;

--
-- Constraints for table `craft_content`
--
ALTER TABLE `craft_content`
	ADD CONSTRAINT `craft_content_elementId_fk` FOREIGN KEY (`elementId`) REFERENCES `craft_elements` (`id`) ON DELETE CASCADE,
	ADD CONSTRAINT `craft_content_locale_fk` FOREIGN KEY (`locale`) REFERENCES `craft_locales` (`locale`) ON DELETE CASCADE ON UPDATE CASCADE;

--
-- Constraints for table `craft_elements_i18n`
--
ALTER TABLE `craft_elements_i18n`
	ADD CONSTRAINT `craft_elements_i18n_elementId_fk` FOREIGN KEY (`elementId`) REFERENCES `craft_elements` (`id`) ON DELETE CASCADE,
	ADD CONSTRAINT `craft_elements_i18n_locale_fk` FOREIGN KEY (`locale`) REFERENCES `craft_locales` (`locale`) ON DELETE CASCADE ON UPDATE CASCADE;

--
-- Constraints for table `craft_entries`
--
ALTER TABLE `craft_entries`
	ADD CONSTRAINT `craft_entries_authorId_fk` FOREIGN KEY (`authorId`) REFERENCES `craft_users` (`id`) ON DELETE CASCADE,
	ADD CONSTRAINT `craft_entries_id_fk` FOREIGN KEY (`id`) REFERENCES `craft_elements` (`id`) ON DELETE CASCADE,
	ADD CONSTRAINT `craft_entries_sectionId_fk` FOREIGN KEY (`sectionId`) REFERENCES `craft_sections` (`id`) ON DELETE CASCADE;

--
-- Constraints for table `craft_entries_i18n`
--
ALTER TABLE `craft_entries_i18n`
	ADD CONSTRAINT `craft_entries_i18n_entryId_fk` FOREIGN KEY (`entryId`) REFERENCES `craft_entries` (`id`) ON DELETE CASCADE,
	ADD CONSTRAINT `craft_entries_i18n_locale_fk` FOREIGN KEY (`locale`) REFERENCES `craft_locales` (`locale`) ON DELETE CASCADE ON UPDATE CASCADE,
	ADD CONSTRAINT `craft_entries_i18n_sectionId_fk` FOREIGN KEY (`sectionId`) REFERENCES `craft_sections` (`id`) ON DELETE CASCADE;

--
-- Constraints for table `craft_entrydrafts`
--
ALTER TABLE `craft_entrydrafts`
	ADD CONSTRAINT `craft_entrydrafts_creatorId_fk` FOREIGN KEY (`creatorId`) REFERENCES `craft_users` (`id`),
	ADD CONSTRAINT `craft_entrydrafts_entryId_fk` FOREIGN KEY (`entryId`) REFERENCES `craft_entries` (`id`) ON DELETE CASCADE,
	ADD CONSTRAINT `craft_entrydrafts_locale_fk` FOREIGN KEY (`locale`) REFERENCES `craft_locales` (`locale`) ON DELETE CASCADE ON UPDATE CASCADE,
	ADD CONSTRAINT `craft_entrydrafts_sectionId_fk` FOREIGN KEY (`sectionId`) REFERENCES `craft_sections` (`id`) ON DELETE CASCADE;

--
-- Constraints for table `craft_entrytags_entries`
--
ALTER TABLE `craft_entrytags_entries`
	ADD CONSTRAINT `craft_entrytags_entries_entryId_fk` FOREIGN KEY (`entryId`) REFERENCES `craft_entries` (`id`) ON DELETE CASCADE,
	ADD CONSTRAINT `craft_entrytags_entries_tagId_fk` FOREIGN KEY (`tagId`) REFERENCES `craft_entrytags` (`id`) ON DELETE CASCADE;

--
-- Constraints for table `craft_entryversions`
--
ALTER TABLE `craft_entryversions`
	ADD CONSTRAINT `craft_entryversions_creatorId_fk` FOREIGN KEY (`creatorId`) REFERENCES `craft_users` (`id`),
	ADD CONSTRAINT `craft_entryversions_entryId_fk` FOREIGN KEY (`entryId`) REFERENCES `craft_entries` (`id`) ON DELETE CASCADE,
	ADD CONSTRAINT `craft_entryversions_locale_fk` FOREIGN KEY (`locale`) REFERENCES `craft_locales` (`locale`) ON DELETE CASCADE ON UPDATE CASCADE,
	ADD CONSTRAINT `craft_entryversions_sectionId_fk` FOREIGN KEY (`sectionId`) REFERENCES `craft_sections` (`id`) ON DELETE CASCADE;

--
-- Constraints for table `craft_fieldlayoutfields`
--
ALTER TABLE `craft_fieldlayoutfields`
	ADD CONSTRAINT `craft_fieldlayoutfields_fieldId_fk` FOREIGN KEY (`fieldId`) REFERENCES `craft_fields` (`id`) ON DELETE CASCADE,
	ADD CONSTRAINT `craft_fieldlayoutfields_layoutId_fk` FOREIGN KEY (`layoutId`) REFERENCES `craft_fieldlayouts` (`id`) ON DELETE CASCADE,
	ADD CONSTRAINT `craft_fieldlayoutfields_tabId_fk` FOREIGN KEY (`tabId`) REFERENCES `craft_fieldlayouttabs` (`id`) ON DELETE CASCADE;

--
-- Constraints for table `craft_fieldlayouttabs`
--
ALTER TABLE `craft_fieldlayouttabs`
	ADD CONSTRAINT `craft_fieldlayouttabs_layoutId_fk` FOREIGN KEY (`layoutId`) REFERENCES `craft_fieldlayouts` (`id`) ON DELETE CASCADE;

--
-- Constraints for table `craft_fields`
--
ALTER TABLE `craft_fields`
	ADD CONSTRAINT `craft_fields_groupId_fk` FOREIGN KEY (`groupId`) REFERENCES `craft_fieldgroups` (`id`) ON DELETE CASCADE;

--
-- Constraints for table `craft_globalsets`
--
ALTER TABLE `craft_globalsets`
	ADD CONSTRAINT `craft_globalsets_fieldLayoutId_fk` FOREIGN KEY (`fieldLayoutId`) REFERENCES `craft_fieldlayouts` (`id`) ON DELETE SET NULL,
	ADD CONSTRAINT `craft_globalsets_id_fk` FOREIGN KEY (`id`) REFERENCES `craft_elements` (`id`) ON DELETE CASCADE;

--
-- Constraints for table `craft_migrations`
--
ALTER TABLE `craft_migrations`
	ADD CONSTRAINT `craft_migrations_pluginId_fk` FOREIGN KEY (`pluginId`) REFERENCES `craft_plugins` (`id`) ON DELETE CASCADE;

--
-- Constraints for table `craft_relations`
--
ALTER TABLE `craft_relations`
	ADD CONSTRAINT `craft_relations_childId_fk` FOREIGN KEY (`childId`) REFERENCES `craft_elements` (`id`) ON DELETE CASCADE,
	ADD CONSTRAINT `craft_relations_fieldId_fk` FOREIGN KEY (`fieldId`) REFERENCES `craft_fields` (`id`) ON DELETE CASCADE,
	ADD CONSTRAINT `craft_relations_parentId_fk` FOREIGN KEY (`parentId`) REFERENCES `craft_elements` (`id`) ON DELETE CASCADE;

--
-- Constraints for table `craft_sections`
--
ALTER TABLE `craft_sections`
	ADD CONSTRAINT `craft_sections_fieldLayoutId_fk` FOREIGN KEY (`fieldLayoutId`) REFERENCES `craft_fieldlayouts` (`id`) ON DELETE SET NULL;

--
-- Constraints for table `craft_sections_i18n`
--
ALTER TABLE `craft_sections_i18n`
	ADD CONSTRAINT `craft_sections_i18n_locale_fk` FOREIGN KEY (`locale`) REFERENCES `craft_locales` (`locale`) ON DELETE CASCADE ON UPDATE CASCADE,
	ADD CONSTRAINT `craft_sections_i18n_sectionId_fk` FOREIGN KEY (`sectionId`) REFERENCES `craft_sections` (`id`) ON DELETE CASCADE;

--
-- Constraints for table `craft_sessions`
--
ALTER TABLE `craft_sessions`
	ADD CONSTRAINT `craft_sessions_userId_fk` FOREIGN KEY (`userId`) REFERENCES `craft_users` (`id`) ON DELETE CASCADE;

--
-- Constraints for table `craft_shunnedmessages`
--
ALTER TABLE `craft_shunnedmessages`
	ADD CONSTRAINT `craft_shunnedmessages_userId_fk` FOREIGN KEY (`userId`) REFERENCES `craft_users` (`id`) ON DELETE CASCADE;

--
-- Constraints for table `craft_tags`
--
ALTER TABLE `craft_tags`
	ADD CONSTRAINT `craft_tags_id_fk` FOREIGN KEY (`id`) REFERENCES `craft_elements` (`id`) ON DELETE CASCADE,
	ADD CONSTRAINT `craft_tags_setId_fk` FOREIGN KEY (`setId`) REFERENCES `craft_tagsets` (`id`) ON DELETE CASCADE;

--
-- Constraints for table `craft_usergroups_users`
--
ALTER TABLE `craft_usergroups_users`
	ADD CONSTRAINT `craft_usergroups_users_groupId_fk` FOREIGN KEY (`groupId`) REFERENCES `craft_usergroups` (`id`) ON DELETE CASCADE,
	ADD CONSTRAINT `craft_usergroups_users_userId_fk` FOREIGN KEY (`userId`) REFERENCES `craft_users` (`id`) ON DELETE CASCADE;

--
-- Constraints for table `craft_userpermissions_usergroups`
--
ALTER TABLE `craft_userpermissions_usergroups`
	ADD CONSTRAINT `craft_userpermissions_usergroups_groupId_fk` FOREIGN KEY (`groupId`) REFERENCES `craft_usergroups` (`id`) ON DELETE CASCADE,
	ADD CONSTRAINT `craft_userpermissions_usergroups_permissionId_fk` FOREIGN KEY (`permissionId`) REFERENCES `craft_userpermissions` (`id`) ON DELETE CASCADE;

--
-- Constraints for table `craft_userpermissions_users`
--
ALTER TABLE `craft_userpermissions_users`
	ADD CONSTRAINT `craft_userpermissions_users_permissionId_fk` FOREIGN KEY (`permissionId`) REFERENCES `craft_userpermissions` (`id`) ON DELETE CASCADE,
	ADD CONSTRAINT `craft_userpermissions_users_userId_fk` FOREIGN KEY (`userId`) REFERENCES `craft_users` (`id`) ON DELETE CASCADE;

--
-- Constraints for table `craft_users`
--
ALTER TABLE `craft_users`
	ADD CONSTRAINT `craft_users_id_fk` FOREIGN KEY (`id`) REFERENCES `craft_elements` (`id`) ON DELETE CASCADE,
	ADD CONSTRAINT `craft_users_preferredLocale_fk` FOREIGN KEY (`preferredLocale`) REFERENCES `craft_locales` (`locale`) ON DELETE SET NULL ON UPDATE CASCADE;

--
-- Constraints for table `craft_widgets`
--
ALTER TABLE `craft_widgets`
	ADD CONSTRAINT `craft_widgets_userId_fk` FOREIGN KEY (`userId`) REFERENCES `craft_users` (`id`) ON DELETE CASCADE;

SET FOREIGN_KEY_CHECKS = 1;
COMMIT;

/*!40101 SET CHARACTER_SET_CLIENT=@OLD_CHARACTER_SET_CLIENT */;
/*!40101 SET CHARACTER_SET_RESULTS=@OLD_CHARACTER_SET_RESULTS */;
/*!40101 SET COLLATION_CONNECTION=@OLD_COLLATION_CONNECTION */;
